sel,title,artist,top genre,year,added,bpm,nrgy,dnce,dB,live,val,dur,acous,spch,pop
1,Time For Crime,Orion,rhode island indie,2019,2024‑10‑13,100,80,74,-7,7,96,202,0,3,35
2,Game Over.,Goreshit,chill breakcore,2013,2024‑10‑11,125,99,22,-1,13,4,335,0,18,25
3,That All about Your Fear,Chikoi The Maid,maidcore,2023,2024‑10‑11,92,92,51,-6,17,56,231,0,22,42
4,Sweet Dreams (Are Made of This) - 2005 Remaster,Eurythmics,dance rock,1983,2024‑10‑11,125,71,69,-7,12,88,217,23,3,83
5,Aura,Creo,speedrun,2019,2024‑10‑09,128,87,40,-5,11,21,233,0,9,33
6,PSYCHOGENESIS,KoruSe,aggressive phonk,2022,2024‑10‑09,170,92,56,-3,35,45,135,0,12,45
7,Faith and Suspicion,Autonon,breakcore,2011,2024‑10‑09,199,95,33,-7,16,32,307,1,32,3
8,Premonition,Mayo.,chill breakcore,2022,2024‑10‑09,169,93,23,-11,15,30,123,0,10,34
9,A Stranger I Remain - Maniac Agenda Mix,Free Dominguez,video game music,2013,2024‑10‑09,165,96,44,-5,13,43,146,0,5,56
10,N.W.H.,Vestron Vulture,synthwave,2017,2024‑10‑09,120,93,61,-7,20,16,230,0,6,32
11,El Mañana,Gorillaz,alternative hip hop,2005,2024‑10‑09,132,73,64,-8,47,61,235,0,3,62
12,Sonyc,.XEROX.,georgian rock,2023,2024‑10‑06,173,86,44,-10,10,52,233,1,4,13
13,SimpsonWave1995,FrankJavCee,vaportrap,2016,2024‑10‑06,170,38,66,-10,11,65,143,6,4,65
14,Судно (Борис Рижий),Molchat Doma,belarusian indie,2018,2024‑10‑06,160,75,48,-4,11,47,141,70,7,72
15,Люди Надоели,Molchat Doma,belarusian indie,2017,2024‑10‑06,160,53,41,-10,11,83,179,41,4,56
16,Monolith - Slowed + Reverb,22echos,,2024,2024‑10‑06,185,80,54,-10,13,66,400,0,4,28
17,Monolith,Twin Tribes,dark post-punk,2023,2024‑10‑06,142,95,51,-6,11,80,265,0,4,56
18,Blood Moon,Jfarrari,,2024,2024‑10‑06,91,91,46,-6,11,52,173,0,3,30
19,The Unknowing,Jfarrari,,2023,2024‑10‑06,180,88,48,-6,17,69,197,1,4,47
20,Hard Drive,St3phen,,2024,2024‑10‑06,140,86,53,-5,36,12,158,0,3,32
21,music i listen to walking the streets at night,FrankJavCee,vaportrap,2023,2024‑10‑03,128,55,94,-10,12,37,128,23,34,47
22,MOKA!,The Vanished People,,2023,2024‑09‑30,92,60,57,-16,25,76,152,7,8,50
23,DARE,Gorillaz,alternative hip hop,2005,2024‑09‑30,120,89,76,-6,30,97,245,2,4,76
24,RUN!,Sophus Alf Agerbæk-Larsen,video game music,2018,2024‑09‑30,130,62,59,-10,8,10,148,4,3,44
25,Eres para Mí (with Anita Tijoux),Julieta Venegas,cantautora mexicana,2006,2024‑09‑27,97,69,80,-6,28,90,193,7,8,72
26,Frente a Frente,Jeanette,,1981,2024‑09‑27,149,32,64,-12,31,36,192,73,3,62
27,Amante Bandido,Miguel Bosé,latin pop,1984,2024‑09‑27,131,69,75,-9,5,76,261,5,4,63
28,Devuélveme a mi chica,Hombres G,latin alternative,1985,2024‑09‑27,173,94,59,-5,19,39,194,2,9,77
29,A Dios Le Pido,Juanes,colombian pop,2002,2024‑09‑27,97,84,67,-4,10,94,205,7,6,72
30,Estos Celos,Vicente Fernández,mariachi,2007,2024‑09‑27,105,32,75,-8,14,39,190,69,5,71
31,Cómo Te Extraño Mi Amor,Leo Dan,bolero,1964,2024‑09‑27,122,50,74,-10,18,95,175,83,3,74
32,Ahora Te Puedes Marchar,Luis Miguel,bolero,1987,2024‑09‑27,133,88,78,-4,6,91,192,15,4,77
33,Versus,Heaven Pierce Her,video game music,2020,2024‑09‑20,120,93,44,-10,12,45,251,0,3,52
34,Silver Bullet,Casey Edwards,sound team,2019,2024‑09‑19,130,91,58,-7,15,57,191,0,3,45
35,Repeat,Acrnym,breakcore,2007,2024‑09‑18,110,99,62,-2,30,43,255,1,7,6
36,Bargain Hunt,Acrnym,breakcore,2007,2024‑09‑18,120,99,58,0,14,19,216,2,19,7
37,Tidal Blade,Acrnym,breakcore,2021,2024‑09‑18,110,93,68,-3,7,87,136,0,8,22
38,Gentleman,Venetian Snares,braindance,2008,2024‑09‑18,174,98,55,0,22,26,273,4,11,22
39,The Gift (From “Call of Duty: Black Ops 3 - Revelations”) - Theatrical Mix,Brian Tuey,video game music,2023,2024‑09‑18,130,71,52,-8,10,56,144,0,5,26
40,Extraction Point,Hans Zimmer,german soundtrack,2010,2024‑09‑17,83,67,45,-11,11,25,215,0,3,44
41,Watch out for Golem.,Golemm,chill breakcore,2021,2024‑09‑11,165,93,63,-5,6,51,105,0,17,39
42,Amethyst Sex Magick,Windowshopping,chill breakcore,2022,2024‑09‑11,160,78,54,-9,4,90,140,0,8,35
43,Hajnal2,Venetian Snares,braindance,2010,2024‑09‑11,116,98,39,-3,29,18,294,8,14,9
44,Devil Town,Mother Mother,canadian indie rock,2024,2024‑09‑11,172,83,60,-5,14,27,221,5,4,53
45,Servants of the Scourge,DM DOKURO,pixel,2020,2024‑09‑10,95,91,42,-4,33,8,350,0,4,41
46,Napalm,Pendulum,australian dance,2024,2024‑09‑10,174,84,54,-6,36,43,205,0,6,58
47,Spysandbreakers,Autodidactic Studios,speedrun,2024,2024‑09‑10,128,96,60,-11,37,96,221,1,3,16
48,strangers once again,Tanger,meme,2024,2024‑09‑10,114,72,58,-8,14,59,197,2,4,40
49,What even is b@#$%core?,hkmori,,2024,2024‑09‑10,135,100,46,0,25,22,142,1,13,28
50,El Muchacho de los Ojos Tristes,Jeanette,,1981,2024‑08‑30,113,41,69,-12,25,87,207,47,3,61
51,Felt Good,Golemm,chill breakcore,2021,2024‑08‑29,133,95,58,-7,11,24,130,0,5,46
52,Wrath (From “Call of Duty: Black Ops Cold War - Mauer der Toten”),Brian Tuey,video game music,2023,2024‑08‑29,120,87,61,-5,12,49,233,0,3,24
53,Hajnal,Venetian Snares,braindance,2005,2024‑08‑27,174,77,35,-5,12,22,466,51,13,30
54,SUN OMAA P0RNOA,VALLU,,2023,2024‑08‑25,160,65,44,-10,13,20,123,1,4,11
55,Dream,Dorei The Maid,maidcore,2024,2024‑08‑22,110,71,46,-7,13,11,219,5,4,10
56,HOT TO GO!,Chappell Roan,indie pop,2023,2024‑08‑21,140,76,74,-5,31,96,185,2,4,90
57,Cigarettes out the Window,TV Girl,pov: indie,2016,2024‑08‑14,114,66,63,-6,17,59,199,12,3,84
58,"Irgendwie, irgendwo, irgendwann - Live 1998 / Short Edit",Nena,german pop,2023,2024‑08‑14,106,90,53,-5,35,54,235,0,3,27
59,Club Killer,Crossfire,,2021,2024‑08‑11,120,52,87,-10,9,52,184,4,20,0
60,Mutanever,Acrnym,breakcore,2021,2024‑08‑11,173,99,46,-4,34,35,207,0,12,11
61,Fuck Anyone Who Wasn't Into The Stuff I'm Into Before I Was - Original Mix,Dev/Null,breakcore,2006,2024‑08‑08,95,97,57,-6,14,46,174,0,16,16
62,Knife,Acrnym,breakcore,2007,2024‑08‑07,100,78,54,-3,12,10,306,0,26,27
63,WATCH YO STEP,Joey Valence & Brae,rap rock,2023,2024‑08‑05,105,96,84,-2,38,66,141,2,34,53
64,STARTAFIGHT,Joey Valence & Brae,rap rock,2023,2024‑08‑05,148,95,69,-1,14,48,187,3,16,53
65,Untitled #13,glwzbll,,2023,2024‑08‑02,150,97,60,-5,7,55,115,1,6,61
66,Pareidolia (From “Call of Duty: Black Ops - Shangri-La”) - Instrumental,Kevin Sherwood,video game music,2023,2024‑08‑02,200,90,42,-6,34,8,363,0,10,25
67,Cupid - Twin Ver.,FIFTY FIFTY,k-pop girl group,2023,2024‑08‑02,120,59,78,-8,34,76,174,43,3,0
68,help herself,bbno$,canadian hip hop,2021,2024‑08‑02,168,84,59,-7,14,67,167,45,4,51
69,Feisty (Remix),Jhameel,shimmer pop,2018,2024‑08‑02,108,81,75,-5,27,65,226,8,4,38
70,Perfect Cell Theme,Friedrich Habetler,,2018,2024‑08‑02,100,87,53,-7,15,23,199,0,5,48
71,EVE'S ALTER EGO,AZALI,sillycore,2023,2024‑08‑01,175,75,41,-10,12,35,61,1,4,49
72,Hey Kids,Molina,danish indie pop,2018,2024‑07‑31,87,53,58,-8,26,47,233,2,3,64
73,RN,Joey Valence & Brae,rap rock,2023,2024‑07‑28,100,88,85,-2,11,77,140,0,17,51
74,Taking What's Not Yours,TV Girl,pov: indie,2016,2024‑07‑25,100,91,71,-6,6,70,206,65,10,77
75,stellar,.diedlonely,ambient lo-fi,2023,2024‑07‑24,82,15,49,-20,10,11,100,89,3,70
76,watching the stars,Øneheart,hardwave,2022,2024‑07‑24,82,11,45,-26,9,5,99,94,3,70
77,Blue Hair,TV Girl,pov: indie,2018,2024‑07‑24,136,72,75,-6,26,88,217,55,3,82
78,PUNK TACTICS,Joey Valence & Brae,rap rock,2023,2024‑07‑24,98,97,69,-2,7,51,144,2,38,70
79,Tek It,Cafuné,brooklyn indie,2021,2024‑07‑22,147,91,42,-5,27,60,192,0,7,80
80,I ONLY WANT TO BE WITH YOU,Tommy february6,japanese electropop,2004,2024‑07‑20,130,91,65,-3,25,96,245,0,5,52
81,EVE,P*Light,denpa-kei,2021,2024‑07‑20,100,95,59,-3,83,81,119,0,9,34
82,Some Kind Of Magic,LVTHER,gaming edm,2016,2024‑07‑18,168,93,49,-4,26,30,194,4,5,48
83,Friday Night,SEGA SOUND TEAM,japanese vgm,2015,2024‑07‑17,126,98,59,-5,36,64,96,0,3,52
84,You & Me,Tally Hall,ann arbor indie,2011,2024‑07‑17,96,64,65,-6,6,94,172,4,3,49
85,Shadows,Pastel Ghost,dark synthpop,2015,2024‑07‑16,130,92,62,-8,7,33,209,4,3,50
86,I'd stay forever,whither,zoomergaze,2023,2024‑07‑15,170,65,33,-8,31,10,271,0,3,27
87,Summer Song,Remy Bond,,2024,2024‑07‑15,138,42,50,-8,16,23,246,71,3,64
88,Knight Rider,USAO,j-core,2019,2024‑07‑11,100,98,47,-4,43,47,129,0,23,35
89,Adventure of a Lifetime,Coldplay,permanent wave,2015,2024‑07‑09,112,92,64,-4,15,53,264,0,4,79
90,Beginning,C418,pixel,2011,2024‑07‑03,79,2,12,-31,9,4,102,99,4,59
91,That I Miss You,Vansire,bedroom pop,2018,2024‑07‑03,115,57,78,-9,11,97,140,31,4,64
92,OTONABLUE,ATARASHII GAKKO!,j-pop girl group,2020,2024‑07‑02,130,82,88,-5,15,70,186,12,9,51
93,Canned Heat,Jamiroquai,dance pop,1999,2024‑07‑02,128,87,70,-6,7,78,332,1,13,64
94,MILLION DOLLAR BABY,Tommy Richman,chill abstract hip hop,2024,2024‑07‑02,138,70,85,-6,7,92,155,10,4,90
95,Get Smooshed,Cursedsnake,,2019,2024‑07‑02,110,52,89,-4,32,67,238,3,5,25
96,DICE AND ROLL,Odetari,krushclub,2024,2024‑07‑02,120,78,78,-7,12,39,120,2,4,72
97,Bad Dream,Stellar,social media pop,2021,2024‑07‑01,125,75,73,-3,12,56,148,0,3,65
98,Physical,Dua Lipa,dance pop,2020,2024‑07‑01,147,84,65,-4,10,75,194,1,5,74
99,Stress Relief,late night drive home,pov: indie,2021,2024‑07‑01,140,67,52,-8,8,60,206,1,3,65
100,Boss Boss Boss,Bill Kiley,indie game soundtrack,2021,2024‑06‑24,160,84,42,-7,12,33,164,0,5,33
101,20190724,Mac DeMarco,edmonton indie,2023,2024‑06‑21,109,58,80,-13,6,96,70,37,8,58
102,The Set Up,Favored Nations,,2013,2024‑06‑21,125,74,84,-7,19,92,243,3,4,55
103,I Gotta Feeling,Black Eyed Peas,dance pop,2009,2024‑06‑20,128,77,74,-6,51,61,289,9,3,74
104,The hand,Yugo Kanno,anime score,2016,2024‑06‑20,150,87,49,-7,10,42,157,1,14,43
105,Want You Gone,Aperture Science Psychoacoustic Laboratories,video game music,2012,2024‑06‑20,100,51,68,-6,11,88,144,4,5,46
106,Meow,lvusm,,2021,2024‑06‑18,94,72,50,-12,11,94,143,0,13,57
107,Kangaroo Court,Capital Cities,metropopolis,2013,2024‑06‑18,100,58,76,-5,3,98,223,1,4,47
108,My Type,Saint Motel,la indie,2014,2024‑06‑18,118,90,60,-3,7,57,205,6,5,67
109,Enjoy the Silence,Depeche Mode,dance rock,2022,2024‑06‑18,113,67,63,-12,8,83,258,21,3,74
110,Some,Steve Lacy,afrofuturism,2016,2024‑06‑18,104,55,78,-6,10,63,118,1,3,81
111,Friends,Vacations,newcastle nsw indie,2016,2024‑06‑18,90,80,59,-6,8,39,152,0,3,66
112,Jealous,Eyedress,noise pop,2019,2024‑06‑18,93,92,47,-10,48,70,122,0,5,83
113,The Blonde,TV Girl,pov: indie,2014,2024‑06‑18,88,55,50,-8,29,23,228,23,2,76
114,DANCE NOW,Joey Valence & Brae,rap rock,2023,2024‑06‑18,100,88,82,-3,20,66,130,2,33,57
115,Shiawase - VIP,Dion Timmer,brostep,2020,2024‑06‑18,150,98,56,-1,67,50,182,1,15,52
116,Colliding Stars,Marzuku,,2022,2024‑06‑18,98,79,50,-9,12,30,74,0,7,48
117,Tires on Fire,coda,,2018,2024‑06‑18,159,97,44,-5,11,78,127,0,4,9
118,SUNRISE (Slowed + Reverb),Xantesha,gym phonk,2022,2024‑06‑11,120,93,74,-8,20,26,139,6,4,68
119,Rivers In the Desert,Lyn,japanese vgm,2017,2024‑06‑10,130,74,80,-7,9,70,315,8,5,55
120,Sign,Roosevelt,indie emo,2021,2024‑06‑08,119,87,62,-6,11,28,259,9,5,39
121,Modern Day Cain,I DONT KNOW HOW BUT THEY FOUND ME,alt z,2017,2024‑06‑05,160,80,44,-6,9,45,189,0,10,50
122,Butterfly,SMiLE.dk,bubblegum dance,1998,2024‑06‑03,135,99,70,-5,14,78,177,21,4,59
123,Everytime We Touch,Cascada,eurodance,2010,2024‑06‑03,142,98,63,-5,38,49,197,0,5,74
124,Upside Down,Jack Johnson,neo mellow,2006,2024‑05‑29,102,66,79,-8,14,65,209,24,4,66
125,Death Wish,Pascal Michael Stiefel,indie game soundtrack,2019,2024‑05‑20,170,95,34,-7,28,44,237,0,5,34
126,the perfect pair,beabadoobee,bedroom pop,2022,2024‑05‑16,146,66,63,-7,10,60,178,43,3,79
127,Fluxxwave (Slowed + Reverb),Clovis Reyes,sped up,2023,2024‑05‑16,140,56,54,-9,21,34,162,2,4,66
128,Me Voy,Julieta Venegas,cantautora mexicana,2006,2024‑05‑16,108,68,57,-4,10,60,188,7,3,81
129,Box 15,Masafumi Takada,japanese vgm,2011,2024‑05‑15,128,88,74,-5,10,67,245,0,4,36
130,Battle! Gym Leader (Sword and Shield),Vetrom,japanese vgm,2019,2024‑05‑15,140,98,54,-7,82,37,369,0,8,40
131,mr. sunshine,Arden Jones,singer-songwriter pop,2022,2024‑05‑15,130,79,59,-3,15,39,177,1,5,57
132,Bang Bang,K'NAAN,reggae fusion,2009,2024‑05‑15,180,90,62,-4,3,90,187,8,18,71
133,Not Like Us,Kendrick Lamar,conscious hip hop,2024,2024‑05‑15,101,47,90,-7,14,21,274,1,8,91
134,euphoria,Kendrick Lamar,conscious hip hop,2024,2024‑05‑15,140,64,83,-5,8,14,384,5,11,80
135,Autumn Melancholy,Chikoi The Maid,maidcore,2022,2024‑05‑15,94,63,44,-11,14,11,250,0,6,31
136,Forbidden,Chikoi The Maid,maidcore,2023,2024‑05‑15,90,86,49,-6,13,17,227,0,4,18
137,Catharsis,Chikoi The Maid,maidcore,2023,2024‑05‑15,132,74,57,-5,20,20,265,0,5,31
138,Mrs Magic,Strawberry Guy,bedroom pop,2019,2024‑05‑13,133,63,47,-7,37,37,209,16,3,79
139,Twilight,bôa,pov: indie,2010,2024‑05‑10,187,83,39,-8,10,38,229,16,11,70
140,In Circles,Creo,speedrun,2018,2024‑05‑08,92,66,49,-5,11,47,243,0,5,31
141,GOODTEK,EBIMAYO,rhythm game,2020,2024‑05‑08,95,99,49,-3,17,4,124,0,7,32
142,Can I Call You Tonight?,Dayglow,austindie,2019,2024‑05‑06,130,84,64,-7,42,50,279,13,3,75
143,Dead Ended (From “Call of Duty: Black Ops 3 - Gorod Krovi”),Kevin Sherwood,video game music,2023,2024‑05‑06,160,86,20,-6,32,40,250,0,9,39
144,snakelike (the stars collide),whatsaheart,zoomergaze,2024,2024‑05‑03,88,95,37,-4,40,40,163,0,8,64
145,Safe And Sound,Capital Cities,metropopolis,2013,2024‑05‑03,118,82,66,-5,10,77,193,0,3,67
146,Copacabana (At the Copa),Barry Manilow,adult standards,2006,2024‑05‑02,117,90,61,-6,8,66,237,33,8,65
147,CRAZY NOISY BIZARRE TOWN,THE DU,,2016,2024‑05‑01,136,95,52,-3,6,66,187,12,7,57
148,Overdue - Metal Version,Anjer,rhythm game,2024,2024‑05‑01,95,97,51,-4,18,54,217,0,9,24
149,Love Below - Dub Version,Joel Eel,modern ebm,2017,2024‑05‑01,104,90,76,-6,14,67,362,4,15,5
150,Party People,DJ Donna Summer,breakcore,2008,2024‑05‑01,180,97,45,-4,9,66,212,0,8,13
151,Synergetic Enigma,Dan Johansen,speedrun,2017,2024‑05‑01,150,95,23,-6,34,32,267,0,14,25
152,Parousia,XI,rhythm game,2011,2024‑05‑01,158,85,17,-7,8,22,277,0,10,26
153,Untrust Us,Crystal Castles,alternative dance,2008,2024‑05‑01,126,81,60,-5,12,19,186,4,3,59
154,Maximize Power! (Waldstein Theme),Raito,japanese vgm,2014,2024‑05‑01,130,83,41,-9,27,31,261,0,5,20
155,DEMONS IN MY SOUL,SCXR SOUL,drift phonk,2022,2024‑04‑30,100,43,77,-3,30,42,121,2,5,69
156,Labyrinth,Miracle Musical,pov: indie,2012,2024‑04‑29,127,80,50,-6,33,32,153,2,5,66
157,Fugue State,Vulfpeck,ann arbor indie,2014,2024‑04‑29,105,47,78,-10,9,55,162,11,4,50
158,La Campanella : Nu Rave,Cranky,rhythm game,2018,2024‑04‑26,178,98,41,-7,15,32,191,0,17,17
159,Looking Out for You,Joy Again,pov: indie,2016,2024‑04‑26,101,90,68,-5,7,94,179,9,9,78
160,Echoes of the Damned (From “Call of Duty: Black Ops Cold War”),Kevin Sherwood,video game music,2023,2024‑04‑26,131,37,36,-17,6,19,270,79,4,33
161,Smooth Criminal,Alien Ant Farm,alternative metal,2001,2024‑04‑25,127,96,65,-4,14,87,209,0,6,73
162,Any Way You Want It,Journey,album rock,1980,2024‑04‑25,138,93,53,-8,14,57,202,0,5,72
163,Six Shooter,Coyote Kisses,complextro,2015,2024‑04‑25,162,94,52,-5,39,91,220,0,8,52
164,What Would I Do?,Strawberry Guy,bedroom pop,2019,2024‑04‑24,129,46,54,-8,7,44,234,46,3,72
165,Sleepwalker,akiaura,dreampunk,2023,2024‑04‑24,120,80,60,-5,61,15,212,0,3,71
166,Cats on Mars,Gabriela Robin,,1998,2024‑04‑24,135,47,84,-10,9,97,165,11,5,18
167,We're Finally Landing,Home,,2014,2024‑04‑24,180,55,48,-13,45,7,272,5,7,56
168,Problems,Mother Mother,canadian indie rock,2011,2024‑04‑24,104,85,63,-4,16,53,208,1,3,64
169,Moonflowers,meganeko,chiptune,2023,2024‑04‑24,137,87,57,-10,33,28,238,1,6,29
170,Blackwater,RIOT,gaming dubstep,2019,2024‑04‑23,90,95,33,-1,38,18,291,0,19,33
171,Granite,Shirobon,chiptune,2019,2024‑04‑22,128,95,70,-3,8,63,152,0,9,30
172,Sneaky Driver,Bill Kiley,indie game soundtrack,2019,2024‑04‑22,103,67,61,-7,11,62,280,3,3,39
173,Innocence Glitched (Basement),Mudeth,bangalore indie,2016,2024‑04‑19,120,67,55,-7,12,23,329,1,3,39
174,Timeline,Chikoi The Maid,maidcore,2023,2024‑04‑19,90,84,54,-7,12,14,307,0,5,11
175,Idk,Madoi The Maid,maidcore,2022,2024‑04‑19,180,61,19,-16,13,13,176,0,6,23
176,hateful,Kaitai the Maid,maidcore,2016,2024‑04‑19,160,88,27,-6,14,42,152,0,7,21
177,Beautiful Things,Benson Boone,singer-songwriter pop,2024,2024‑04‑19,105,47,47,-6,14,22,180,15,6,90
178,Espresso,Sabrina Carpenter,pop,2024,2024‑04‑19,104,76,70,-5,19,69,175,11,3,94
179,One Way Out,Brian Tuey,video game music,2013,2024‑04‑19,120,30,22,-16,14,4,85,44,4,16
180,Leave Me Alone,I DONT KNOW HOW BUT THEY FOUND ME,alt z,2020,2024‑04‑17,104,89,54,-3,32,57,216,0,4,52
181,Virtual Riots Idols,Virtual Riots,,2018,2024‑04‑17,130,88,61,-4,60,65,226,7,24,0
182,Heads Will Roll - A-Trak Remix Radio Edit,Yeah Yeah Yeahs,alternative dance,2009,2024‑04‑15,132,81,68,-3,24,87,204,1,8,61
183,Fairy Fountain,Super Guitar Bros,vgm instrumental,2018,2024‑04‑15,143,29,41,-16,9,61,63,97,4,67
184,"7PM (From ""Animal Crossing: New Leaf"")",Moisés Nieto,otacore,2018,2024‑04‑15,132,17,47,-21,14,18,161,98,5,41
185,"Great Fairy Fountain (From ""The Legend of Zelda: Breath of the Wild"") [Piano Version]",Streaming Music Studios,anime score,2019,2024‑04‑15,90,18,51,-19,12,28,101,99,3,40
186,Don't You (Forget About Me),Simple Minds,album rock,1985,2024‑04‑15,111,82,66,-7,6,68,263,17,3,74
187,A Mask of My Own Face,Lemon Demon,indietronica,2014,2024‑04‑15,100,32,81,-12,13,97,211,4,4,51
188,Hayloft II,Mother Mother,canadian indie rock,2022,2024‑04‑12,178,87,33,-5,9,17,215,0,10,74
189,People Eater,Sodikken,otacore,2021,2024‑04‑12,134,20,74,-14,35,89,97,92,8,57
190,One​-​Winged Angel (Final Fantasy VII),Nobuo Uematsu,chiptune,2007,2024‑04‑10,123,53,50,-8,30,25,266,87,4,47
191,Walkin' On The Sun,Smash Mouth,pop rock,1997,2024‑04‑10,123,97,75,-6,15,97,208,35,3,69
192,Cannibal,Tally Hall,ann arbor indie,2011,2024‑04‑10,155,74,50,-7,13,61,208,15,4,55
193,Agony - Instrumental,Scammacist,phonk brasileiro,2022,2024‑04‑08,65,10,22,-20,11,8,301,96,4,49
194,Beautiful Things,Benson Boone,singer-songwriter pop,2024,2024‑04‑08,105,47,47,-6,14,22,180,15,6,87
195,Austin (Boots Stop Workin'),Dasha,,2024,2024‑04‑08,115,67,76,-7,11,74,172,46,5,88
196,rat attack!,justan oval,,2024,2024‑04‑08,160,74,91,-9,7,98,146,0,9,29
197,Everlasting Fun (KinitoPET Song),LongestSoloEver,otacore,2024,2024‑04‑08,173,84,32,-4,11,68,235,3,18,44
198,Disparate Youth,Santigold,alternative dance,2012,2024‑04‑08,152,93,64,-4,22,55,284,1,4,58
199,i like the way you kiss me,Artemas,,2024,2024‑04‑08,152,95,60,-4,8,75,143,0,4,86
200,End of Beginning,Djo,pov: indie,2022,2024‑04‑08,160,45,69,-8,7,91,159,4,6,90
201,My Love Mine All Mine,Mitski,brooklyn indie,2023,2024‑04‑08,114,31,50,-15,16,12,138,87,3,88
202,Night Walker (Linne Theme),Raito,japanese vgm,2014,2024‑04‑08,198,97,14,-8,35,78,300,0,11,43
203,theme of really cool bird,bobacupcake,sillycore,2017,2024‑04‑08,140,54,59,-7,4,80,132,0,7,41
204,Metamodernity,Vansire,bedroom pop,2019,2024‑04‑08,122,54,82,-10,11,83,163,39,4,69
205,i won't run,Keanu Bicol,bedroom r&b,2021,2024‑04‑08,171,69,53,-9,36,77,159,0,4,57
206,help herself,bbno$,canadian hip hop,2021,2024‑04‑08,168,85,61,-8,11,48,189,62,4,59
207,credits song for my death,vivivivivi,weirdcore,2021,2024‑04‑06,140,43,25,-18,10,19,171,81,3,47
208,Boba,Eleanor Kingston,,2021,2024‑04‑05,114,53,85,-9,9,65,181,3,6,3
209,Make You Mine,Madison Beer,pop,2024,2024‑04‑05,123,64,53,-6,24,49,222,22,4,79
210,Konga Conga Kappa,Danny Baranowsky,indie game soundtrack,2015,2024‑04‑05,120,79,70,-9,7,92,113,1,6,37
211,Razormind,Simon Viklund,video game music,2016,2024‑04‑04,125,59,42,-11,11,10,274,0,7,48
212,Octane,Creo,speedrun,2020,2024‑04‑04,168,82,49,-6,13,17,216,0,9,30
213,Crucified - Radio Edit,Army Of Lovers,europop,1991,2024‑04‑03,122,90,60,-10,75,48,214,2,6,59
214,Magic,Pilot,classic uk pop,1974,2024‑04‑03,203,59,39,-7,13,73,186,35,6,60
215,She Swallowed Burning Coals,El Tigr3,darksynth,2013,2024‑04‑03,110,65,64,-8,15,34,279,4,5,44
216,Telephones,Vacations,newcastle nsw indie,2018,2024‑04‑02,75,45,53,-9,11,18,212,0,3,80
217,Ultimate Eternity,Nomak,ambeat,2007,2024‑04‑02,92,83,51,-6,7,51,375,0,6,24
218,"File Select (From ""Super Mario 64"") [Lo-fi Edit]",Besso0,lo-fi vgm,2019,2024‑04‑02,130,38,70,-16,11,35,219,96,4,36
219,aquatic ambience (slowed + reverb),Scizzie,liminal space,2022,2024‑04‑02,112,8,29,-26,12,6,154,90,4,51
220,aruarian dance,Nujabes,downtempo,2004,2024‑04‑02,198,65,59,-8,7,88,250,78,4,64
221,Friday Theme - Crunchy,Uglyburger0,meme,2022,2024‑04‑02,184,86,57,-8,10,43,138,0,6,56
222,Friday Theme,Uglyburger0,meme,2020,2024‑04‑02,94,58,71,-10,10,74,82,7,6,62
223,Cipher,LEMMiNO,,2020,2024‑04‑02,77,52,67,-14,19,44,195,71,4,1
224,"Chemical Plant Zone (From ""Sonic 2"")",Lofi Lia,lo-fi vgm,2020,2024‑04‑02,144,40,77,-19,9,73,187,87,13,26
225,Keep Me Breathing,David Celeste,,2014,2024‑04‑02,140,13,61,-24,10,8,123,97,5,15
226,Fika,Unjaps,corecore,2022,2024‑04‑02,74,7,50,-26,13,41,198,98,3,56
227,Chorégraphie du départ - Instrumental,Daprinski,,2017,2024‑04‑02,0,17,0,-16,10,0,84,88,0,65
228,Crow,김진산,,2022,2024‑04‑02,123,55,72,-11,8,42,206,19,4,45
229,specialist,アトラスサウンドチーム,japanese vgm,2011,2024‑04‑02,128,97,56,-8,33,78,244,1,5,53
230,4:30,Danger,darksynth,2010,2024‑04‑02,129,93,72,-5,9,16,272,1,5,47
231,Make This Right,The Toxic Avenger,electro house,2016,2024‑04‑02,102,77,67,-8,11,10,348,1,4,47
232,DEATHKRUSH,Kordhell,drift phonk,2023,2024‑04‑02,155,100,66,-2,39,75,115,2,10,37
233,Memphis Doom,Kordhell,drift phonk,2021,2024‑04‑02,174,95,51,-2,62,37,154,0,32,44
234,Blood Rushing To My Head,Aeriu Ika,chill breakcore,2023,2024‑04‑02,174,95,37,-5,47,4,200,0,13,0
235,Burning Sands,Boom Kitty,speedrun,2019,2024‑03‑22,142,98,57,-3,6,52,220,0,14,38
236,Flashman's Glass Prison,Apoplexia,vgm remix,2018,2024‑03‑22,172,95,60,-4,48,67,301,0,42,7
237,POSSESSIVE LOVE DISORDER,ZØMB,hardwave,2024,2024‑03‑14,147,99,37,-4,39,25,115,19,22,57
238,Paradise City,Guns N' Roses,glam metal,1987,2024‑03‑13,100,98,27,-6,18,39,406,2,10,79
239,Livin' On A Prayer,Bon Jovi,glam metal,1986,2024‑03‑13,123,89,53,-4,29,79,249,8,3,84
240,Welcome To The Jungle,Guns N' Roses,glam metal,1987,2024‑03‑13,124,99,45,-4,27,32,273,2,9,81
241,Lotta True Crime,Penelope Scott,alt z,2020,2024‑03‑13,159,41,50,-14,11,40,202,33,21,63
242,The Cult of Dionysus,The Orion Experience,pov: indie,2006,2024‑03‑12,138,84,66,-4,3,80,187,1,3,66
243,Devil Trigger,Casey Edwards,sound team,2019,2024‑03‑12,160,94,50,-7,11,35,405,0,26,24
244,I Wanna Be Yours,Arctic Monkeys,garage rock,2013,2024‑03‑11,68,42,46,-9,10,48,184,14,3,90
245,Apocalypse,Cigarettes After Sex,ambient pop,2017,2024‑03‑11,94,47,37,-9,11,18,291,2,3,87
246,Always Forever,Cults,experimental pop,2013,2024‑03‑11,163,74,17,-6,20,36,224,0,5,79
247,don't run away okay?,Sugure Joka,chill breakcore,2023,2024‑03‑11,165,60,40,-9,19,8,145,0,3,10
248,All Star,Smash Mouth,pop rock,1999,2024‑03‑11,104,87,73,-6,9,78,200,4,3,78
249,Never Meant to Know,Tally Hall,ann arbor indie,2011,2024‑03‑11,132,87,56,-5,13,54,220,3,4,49
250,Two Wuv,Tally Hall,ann arbor indie,2005,2024‑03‑11,138,81,60,-6,7,69,223,2,7,51
251,Kids,MGMT,alternative rock,2007,2024‑03‑07,123,93,45,-4,36,17,303,0,7,77
252,Supermassive Black Hole,Muse,alternative rock,2006,2024‑03‑07,120,92,67,-4,9,78,212,5,4,77
253,I Can't Fix You (feat. Crusher-P),The Living Tombstone,otacore,2016,2024‑03‑06,174,80,46,-5,11,36,279,0,5,59
254,CRIME SCENE,I'm Geist,,2023,2024‑03‑06,146,100,51,-8,12,11,120,0,15,39
255,The Only Thing I Know For Real - Maniac Agenda Mix - Instrumental,Tyson Yen,video game music,2013,2024‑03‑06,145,98,42,-8,28,70,146,0,5,34
256,Home Alone (with Marnik),Naeleck,electro,2023,2024‑03‑01,150,87,59,-4,14,61,128,38,9,66
257,Dog Nightmare,Jack Stauber,hypnagogic pop,2017,2024‑03‑01,154,45,70,-13,18,73,176,74,11,53
258,Little Dark Age,MGMT,alternative rock,2018,2024‑02‑29,98,71,71,-6,10,62,300,1,4,76
259,Dark Beach,Pastel Ghost,dark synthpop,2015,2024‑02‑29,130,92,53,-7,9,15,222,28,4,60
260,Goth,Sidewalks and Skeletons,wave,2015,2024‑02‑29,115,70,56,-9,10,17,207,0,3,72
261,The Perfect Girl,Mareux,dark synthpop,2021,2024‑02‑29,129,89,49,-6,10,26,194,0,9,76
262,Ma Ya Hi (Dragostea Din Tei) (feat. Lucas Prata),O-Zone,eurodance,2004,2024‑02‑29,130,94,74,-4,6,86,217,18,4,37
263,Neo Tokyo,Perturbator,cyberpunk,2016,2024‑02‑28,140,100,52,1,11,15,253,0,9,41
264,プロサウンドの逆襲,TORIENA,denpa-kei,2017,2024‑02‑26,150,96,54,-6,4,97,185,0,6,25
265,Tempestissimo,t+pazolite,denpa-kei,2020,2024‑02‑26,116,94,46,-5,6,21,138,0,8,37
266,&,Tally Hall,ann arbor indie,2011,2024‑02‑26,96,88,53,-5,35,73,195,0,4,60
267,No More - Remastered,Manfred Minnich,,2021,2024‑02‑24,122,52,47,-6,30,58,158,9,3,41
268,Mary - Guitar Version,noturgf,sped up,2023,2024‑02‑23,119,26,71,-15,12,67,174,88,7,56
269,Agony - Instrumental,TheExorcist,corecore,2023,2024‑02‑23,150,21,56,-25,11,64,302,98,3,2
270,Ba-Da-Ba,2 Mello,indie game soundtrack,2018,2024‑02‑22,133,72,79,-7,5,96,237,14,3,41
271,The Stains of Time - Maniac Agenda Mix,Kit Walters,video game music,2013,2024‑02‑21,200,92,26,-6,16,59,130,0,9,57
272,UltraChurch (ULTRAKILL) (Original Game Soundtrack),Keygen Church,,2023,2024‑02‑21,184,96,31,-6,35,35,233,0,7,48
273,Two Time,Jack Stauber's Micropop,pov: indie,2018,2024‑02‑20,99,35,83,-10,9,69,140,11,4,63
274,Cosmic War,Exyl,speedrun,2023,2024‑02‑20,121,85,65,-4,34,70,154,4,26,32
275,Love Taste,Moe Shop,future funk,2016,2024‑02‑20,110,64,67,-8,16,59,176,0,28,59
276,Camel By Camel - Metal Version,Little V.,,2021,2024‑02‑20,110,88,59,-6,14,69,239,0,4,42
277,The Less I Know The Better,Tame Impala,australian psych,2015,2024‑02‑20,117,74,64,-4,17,79,216,1,3,83
278,Cure For Me,AURORA,art pop,2022,2024‑02‑18,116,74,73,-7,9,41,202,10,6,61
279,Metallic Madness Zone Act 2,Tee Lopes,sound team,2018,2024‑02‑16,143,94,65,-7,7,94,156,0,4,52
280,GAS GAS GAS - EXTENDED MIX,Manuel,super eurobeat,2019,2024‑02‑14,154,95,45,-5,34,74,261,0,5,59
281,BATTLE UNDER A BROKEN SKY,AZALI,sillycore,2023,2024‑02‑14,180,84,44,-11,12,32,76,37,5,49
282,Deep Blue,Heaven Pierce Her,video game music,2022,2024‑02‑14,180,62,43,-11,16,4,322,0,6,43
283,All Eyes On Me,Fox Stevenson,complextro,2020,2024‑02‑13,172,92,45,-3,29,60,181,0,8,45
284,Regain Control,Shirobon,chiptune,2019,2024‑02‑13,90,68,66,-7,19,43,195,36,4,37
285,Your Contract Has Expired,Pascal Michael Stiefel,indie game soundtrack,2017,2024‑02‑12,124,90,47,-8,45,28,234,0,3,35
286,Dance of Thorns,TenseiMusic,,2016,2024‑02‑12,100,95,40,-3,21,36,241,0,7,36
287,"A Dramatic Irony (From ""Honkai: Star Rail"") - Kafka Theme",tnbee,japanese vgm,2023,2024‑02‑09,82,60,60,-11,9,28,227,29,6,45
288,Ruler of Everything,Tally Hall,ann arbor indie,2005,2024‑02‑09,83,79,58,-8,8,34,222,20,32,60
289,Mr. Fear,SIAMES,pop argentino,2016,2024‑02‑09,108,66,64,-7,46,67,247,5,3,54
290,Smells Like Teen Spirit,Nirvana,grunge,1991,2024‑02‑08,117,91,50,-5,11,72,302,0,6,77
291,The Pretender,Foo Fighters,alternative metal,2007,2024‑02‑08,173,96,43,-4,3,37,269,0,4,76
292,Enjoy the Silence,Depeche Mode,dance rock,2020,2024‑02‑08,113,67,63,-12,8,83,258,21,3,15
293,Everybody Wants To Rule The World,Tears For Fears,new romantic,1985,2024‑02‑08,112,80,65,-12,10,54,251,35,5,85
294,Babaroque - Original Mix,cYsmix,speedrun,2016,2024‑02‑08,136,90,59,-6,8,55,287,0,7,34
295,Odeyowa,Liquexx,german trance,2020,2024‑02‑08,140,92,63,-9,12,4,289,18,14,38
296,Freedom Dive,XI,rhythm game,2011,2024‑02‑07,111,95,41,-5,37,7,270,0,12,45
297,Somebody Told Me,The Killers,alternative rock,2004,2024‑02‑07,138,97,50,-5,10,69,197,0,8,80
298,Take Me Out,Franz Ferdinand,alternative rock,2004,2024‑02‑07,105,66,28,-9,14,53,237,0,4,81
299,Kickstart My Heart,Mötley Crüe,album rock,1989,2024‑02‑01,179,98,36,-4,28,28,283,0,30,59
300,poisoned,68+1,chill breakcore,2023,2024‑01‑31,133,55,38,-15,8,33,112,81,5,33
301,i like you,Sugure Joka,chill breakcore,2023,2024‑01‑31,86,82,20,-12,24,58,91,2,5,15
302,Assassin's Creed IV Black Flag Main Theme,Brian Tyler,orchestral soundtrack,2013,2024‑01‑30,128,62,32,-12,8,32,133,4,6,54
303,Dragonborn,Jeremy Soule,orchestral soundtrack,2013,2024‑01‑30,67,48,19,-13,11,12,236,90,8,57
304,"Irgendwie, Irgendwo, Irgendwann",Jiyagi,frenchcore,2020,2024‑01‑29,103,99,50,-1,49,18,207,3,9,49
305,"Irgendwie, irgendwo, irgendwann (Special 12"" Dance Mix)",Nena,german pop,1985,2024‑01‑29,203,60,35,-13,21,47,437,0,4,50
306,Plastic Beach (feat. Mick Jones and Paul Simonon),Gorillaz,alternative hip hop,2010,2024‑01‑29,184,89,54,-5,6,50,227,0,9,63
307,The Race Around the World,Waterflame,speedrun,2012,2024‑01‑29,175,97,55,-9,32,93,169,1,5,41
308,"Empress of Light (From ""Terraria"")",Kuudray,,2020,2024‑01‑29,170,83,48,-11,16,11,282,1,7,31
309,Violent Purple,meganeko,chiptune,2022,2024‑01‑29,135,89,54,-9,19,49,216,0,5,31
310,BIG SHOT - Traditional Japanese Version,Hyuman,,2021,2024‑01‑29,140,92,59,-10,14,46,177,1,5,35
311,Smells Like Teen Spirit - Remastered,Nirvana,grunge,1991,2024‑01‑29,117,92,49,-5,9,69,301,0,6,53
312,Kickstart My Heart,Mötley Crüe,album rock,2000,2024‑01‑29,90,97,46,-5,37,27,283,0,18,56
313,Wrecking Ball,Mother Mother,canadian indie rock,2008,2024‑01‑29,97,80,66,-4,34,28,194,19,4,65
314,bedroom community,glass beach,5th wave emo,2019,2024‑01‑29,135,69,46,-5,37,34,361,5,5,47
315,(Don't Fear) The Reaper,Blue Öyster Cult,album rock,1976,2024‑01‑27,141,93,33,-9,30,39,308,0,7,75
316,Dream On,Aerosmith,album rock,1973,2024‑01‑27,78,48,39,-8,31,23,268,40,2,80
317,Ultimate Destruction,TMM43,,2023,2024‑01‑27,140,92,65,-8,11,59,166,41,4,39
318,Holy War,Boom Kitty,speedrun,2017,2024‑01‑27,128,92,59,-5,10,25,250,0,4,32
319,/ / // / /,x0o0x_,vocaloid,2020,2024‑01‑26,65,74,53,-4,38,78,134,1,6,44
320,Theme of Ken,Capcom Sound Team,japanese vgm,2016,2024‑01‑26,100,98,47,-5,15,55,185,0,5,12
321,Jetpack Joyride Main Theme,Halfbrick,meme,2021,2024‑01‑26,123,87,66,-8,27,92,133,0,3,48
322,Let’s Go,Stuck in the Sound,french rock,2012,2024‑01‑26,89,62,49,-5,18,28,211,1,3,56
323,Crimewave,Crystal Castles,alternative dance,2008,2024‑01‑26,120,69,74,-8,20,88,258,20,4,62
324,Timeline,Chikoi The Maid,maidcore,2023,2024‑01‑24,90,84,54,-7,11,15,307,0,5,0
325,Cuando Apenas Era Un Jovencito,Johnny Dinamo,mexican rock-and-roll,2002,2024‑01‑24,149,55,67,-8,9,96,124,10,4,20
326,La Llorona Loca,Los Gliders,mexican rock-and-roll,1962,2024‑01‑24,89,69,76,-10,35,96,138,77,5,21
327,Broken Boy,Cage The Elephant,modern alternative rock,2019,2024‑01‑24,166,93,52,-3,12,56,163,0,10,58
328,Universal Collapse,DM DOKURO,pixel,2020,2024‑01‑24,100,98,36,-2,19,21,257,0,9,51
329,Tires on Fire,coda,,2016,2024‑01‑24,159,97,44,-5,11,78,127,0,4,3
330,Death's Theme x Kai's Theme,Carameii,,2023,2024‑01‑24,142,85,26,-7,4,12,175,33,8,0
331,Sweater Weather,The Neighbourhood,modern alternative rock,2013,2024‑01‑23,124,81,61,-3,10,40,240,5,3,90
332,Sugar Pills,I DONT KNOW HOW BUT THEY FOUND ME,alt z,2020,2024‑01‑22,122,85,63,-4,20,81,187,0,3,48
333,awake,68+1,chill breakcore,2023,2024‑01‑22,92,79,48,-8,15,8,72,42,7,27
334,limited in love,usedcvnt,chill breakcore,2023,2024‑01‑22,160,97,34,-5,13,4,172,0,7,42
335,A Sweet Dream For The Broken,Cvmpliant,chill breakcore,2022,2024‑01‑22,136,73,63,-11,13,7,254,51,13,31
336,Blood Son,Locknar,,2020,2024‑01‑22,135,90,70,-5,81,43,210,0,6,26
337,Mc9.5 Mastered Version,Cheshyre,,2020,2024‑01‑22,140,76,53,-11,9,34,247,0,4,29
338,Turn Around,Michael Wyckoff,,2022,2024‑01‑22,159,97,43,-4,31,29,247,0,28,33
339,PRIME TURBO,Jameskii,classic k-pop,2022,2024‑01‑22,92,98,36,-6,37,43,156,0,5,29
340,I'm Being Reelistic,Omnitica,filthstep,2014,2024‑01‑19,115,85,42,-6,39,42,231,0,6,33
341,voicemails,68+1,chill breakcore,2023,2024‑01‑03,83,72,42,-10,24,48,106,17,4,30
342,"escapism. - breakcore, instrumental",breakcore girl,,2023,2024‑01‑03,192,94,38,-4,9,23,124,1,23,25
343,your eyes,68+1,chill breakcore,2023,2024‑01‑02,170,86,42,-9,11,26,147,0,4,40
344,Unholy Insurgency,DM DOKURO,pixel,2020,2024‑01‑02,180,93,27,-3,13,27,318,0,14,42
345,"anybody can find love (except you.) - breakcore, instrumental",breakcore girl,,2023,2023‑12‑29,128,94,65,-5,9,58,120,83,4,42
346,Vanishing Shore (From “Call of Duty: Vanguard - The Archon”),James McCawley,video game music,2023,2023‑12‑15,90,67,46,-8,5,23,420,4,3,11
347,Boat Deck (From “Call of Duty: Black Ops -Redemption”),Kevin Sherwood,video game music,2023,2023‑12‑15,100,60,47,-10,34,39,63,2,3,26
348,The Girl from Hotel Reyes (From “Call of Duty: Black Ops - Hotel”),James McCawley,video game music,2023,2023‑12‑15,120,35,67,-17,11,89,89,64,5,22
349,Love Song No.5-5 (B-Side),maedasalt,chill breakcore,2021,2023‑12‑14,105,100,45,-8,9,14,59,19,5,35
350,I'm Cool,Chikoi The Maid,maidcore,2023,2023‑12‑14,90,72,59,-10,9,81,135,0,3,0
351,breakcore is dumb,Acidgvrl,chill breakcore,2023,2023‑12‑14,170,89,43,-9,19,18,82,0,4,42
352,My Last December,Chikoi The Maid,maidcore,2023,2023‑12‑14,98,88,38,-7,13,8,289,0,5,25
353,Alone (From “Call of Duty: Black Ops Cold War - Die Maschine”) - Instrumental,Kevin Sherwood,video game music,2023,2023‑12‑03,180,98,34,-7,40,10,344,0,15,17
354,Acid Bunny (From “Call of Duty: Black Ops Cold War - Mauer der Toten”),Brian Tuey,video game music,2023,2023‑12‑03,120,95,80,-8,6,8,194,0,4,18
355,Beauty of Annihilation (From “Call of Duty: Black Ops 3 - Der Riese”) - Brian Tuey Remix,Brian Tuey,video game music,2023,2023‑12‑03,110,64,56,-9,9,7,218,3,3,37
356,The Gift (From “Call of Duty: Black Ops 3 - Revelations”),Kevin Sherwood,video game music,2023,2023‑12‑03,130,96,50,-5,36,25,271,0,16,44
357,Lovesong for a Deadman (From “Call of Duty: Black Ops 2 - Tranzit”),James McCawley,video game music,2023,2023‑12‑03,212,44,64,-14,10,71,158,20,9,45
358,Always Running (From “Call of Duty: Black Ops 2 - Buried”),Kevin Sherwood,video game music,2023,2023‑12‑03,124,57,48,-7,33,12,356,26,3,44
359,Pareidolia Bitz (From “Call of Duty: Black Ops - Moon”),James McCawley,video game music,2023,2023‑12‑03,110,66,52,-12,9,53,100,0,3,16
360,Pareidolia (From “Call of Duty: Black Ops - Shangri-La”),Kevin Sherwood,video game music,2023,2023‑12‑03,200,92,38,-4,16,10,359,0,20,45
361,Alone (From “Call of Duty: Black Ops Cold War - Die Maschine”),Kevin Sherwood,video game music,2023,2023‑12‑03,90,96,49,-5,42,23,343,0,12,41
362,School Rooftop,Hisohkah,corecore,2020,2023‑11‑21,83,28,85,-9,9,28,168,9,23,58
363,Running Away,VANO 3000,canadian modern jazz,2021,2023‑11‑16,93,69,61,-11,14,70,112,69,4,62
364,Lost Soul - Slowed & Reverb,NBSPLV,sped up,2023,2023‑11‑16,90,52,91,-10,9,49,240,28,4,55
365,Nomad,blueberry,gym phonk,2023,2023‑11‑16,123,69,63,-5,13,54,119,37,5,50
366,ALL MY FELLAS,Frizk,meme,2023,2023‑11‑15,160,68,60,-11,6,72,141,1,5,65
367,Song of Storms,Mikel,lo-fi vgm,2018,2023‑11‑15,85,46,68,-8,12,47,218,2,3,48
368,Hold It In,Jukebox The Ghost,modern rock,2008,2023‑11‑09,132,75,76,-10,10,89,209,37,3,44
369,Aether,Virtual Mage,mallsoft,2020,2023‑11‑09,124,49,70,-10,12,69,206,0,3,46
370,World's End Valentine,Omori,video game music,2020,2023‑11‑03,162,96,28,-7,44,16,148,1,8,50
371,Halcyon,XI,rhythm game,2011,2023‑11‑02,96,91,40,-5,7,18,311,0,5,35
372,Kaguya,BlackY,rhythm game,2019,2023‑11‑01,168,98,39,-5,14,24,255,1,6,31
373,Zombies on Your Lawn,Laura Shigihara,video game music,2010,2023‑10‑26,105,40,73,-18,14,77,159,75,5,51
374,Eeeaaaooo,Xguiz,rhythm game,2020,2023‑10‑26,132,57,71,-3,5,42,149,10,14,0
375,Right Now,SR-71,,2000,2023‑10‑26,116,97,52,-3,32,73,167,0,4,57
376,Red Horizon,Creo,speedrun,2022,2023‑10‑25,130,92,76,-5,13,59,270,0,8,26
377,Disco on the Baltic Sea,Waveshaper,spacewave,2022,2023‑10‑19,110,83,65,-9,11,71,197,5,4,31
378,Classique,Adieu Aru,chillsynth,2022,2023‑10‑19,180,95,41,-8,12,67,232,1,4,44
379,vendetta!,MUPP,drift phonk,2022,2023‑10‑15,126,91,71,-4,11,67,107,18,15,69
380,Electrocore,Floxytek,frenchcore,2019,2023‑10‑10,150,98,43,-2,13,48,224,0,13,23
381,Breather,Chikoi The Maid,maidcore,2022,2023‑10‑09,115,90,64,-8,9,50,292,0,9,0
382,LOVELY BASTARDS - Remix,Kordhell,drift phonk,2023,2023‑10‑06,150,97,58,-2,64,38,96,17,21,59
383,LOVELY BASTARDS,ZWE1HVNDXR,ukrainian phonk,2023,2023‑10‑06,150,81,61,-6,14,69,116,83,49,76
384,Xample,Chikoi The Maid,maidcore,2023,2023‑10‑04,94,82,43,-7,69,26,190,0,8,0
385,Autumn Melancholy,Chikoi The Maid,maidcore,2022,2023‑10‑04,94,63,44,-11,14,11,250,0,6,0
386,Mental Warfare,Chikoi The Maid,maidcore,2022,2023‑10‑04,119,78,34,-8,67,42,274,0,36,0
387,That All about Your Fear,Chikoi The Maid,maidcore,2023,2023‑10‑04,185,92,41,-6,16,59,231,0,37,0
388,Triage at Dawn,morch kovalski,,2018,2023‑10‑03,90,46,34,-10,11,4,249,24,3,32
389,Questionable Ethics,morch kovalski,,2018,2023‑10‑01,130,98,53,-3,20,21,364,0,5,28
390,Forget About Freeman,morch kovalski,,2018,2023‑10‑01,75,92,38,-6,28,24,260,0,6,30
391,Killing Two Birds,Pascal Michael Stiefel,indie game soundtrack,2019,2023‑10‑01,134,89,48,-8,18,69,143,0,8,36
392,We've Got Hostiles,morch kovalski,,2018,2023‑10‑01,140,84,37,-5,7,33,288,0,7,37
393,Waves,Dance With the Dead,darksynth,2014,2023‑10‑01,125,89,62,-6,65,51,271,0,3,40
394,Shooting Star (Six Times),David Jackson,,2023,2023‑10‑01,124,80,61,-10,11,68,343,0,3,25
395,Looking For Tracy Tzu,Carpenter Brut,cyberpunk,2015,2023‑10‑01,109,88,51,-3,11,9,258,0,9,46
396,Terraform,TWRP,nightrun,2021,2023‑10‑01,100,83,57,-7,13,6,308,0,3,34
397,Memory Reboot,VØJ,traprun,2023,2023‑10‑01,81,89,47,-6,13,46,209,0,4,73
398,Undone,Kevin Sherwood,video game music,2011,2023‑09‑15,120,65,59,-8,13,12,231,22,3,41
399,Twilight,Brian Tuey,video game music,2011,2023‑09‑15,150,77,68,-12,12,71,199,1,5,31
400,Slight Chance of Zombies,James McCawley,video game music,2011,2023‑09‑15,120,96,46,-6,11,97,135,0,4,30
401,Lullaby Of A Deadman,Kevin Sherwood,video game music,2011,2023‑09‑15,160,80,52,-6,10,49,239,2,5,53
402,Theme from Call of Duty Black Ops II,Jack Wall,video game music,2012,2023‑09‑15,136,39,41,-15,9,8,338,46,3,44
403,Shadows (Outer Club Solar),Brian Tuey,video game music,2012,2023‑09‑15,134,86,75,-7,9,15,220,0,5,21
404,Ignition,Brian Tuey,video game music,2015,2023‑09‑15,100,56,52,-13,8,3,226,4,3,33
405,Call Of Duty: MW3,Brian Tyler,orchestral soundtrack,2011,2023‑09‑15,98,39,44,-13,10,26,131,14,3,46
406,Milky Way,Lofi Fruits Music,lo-fi cover,2022,2023‑09‑03,140,19,45,-20,11,11,110,79,4,38
407,141,Banda MS de Sergio Lizárraga,banda,2022,2023‑08‑25,123,57,83,-6,11,93,175,35,3,55
408,Moonlight Sonata - Original Mix,cYsmix,speedrun,2016,2023‑08‑09,128,96,68,-4,2,54,261,0,15,33
409,Duvet,bôa,pov: indie,2010,2023‑08‑08,93,89,58,-9,9,71,204,19,3,83
410,The Maze of Mayonnaise,Bossfight,chiptune,2012,2023‑08‑06,135,96,63,-3,24,63,191,0,7,38
411,Villain Virus,Kobaryo,j-core,2018,2023‑08‑06,130,100,50,-2,13,6,269,0,15,35
412,Another Halcyon (feat. Vila),XI,rhythm game,2015,2023‑08‑06,143,80,27,-9,40,28,397,6,12,20
413,Tiferet,XI,rhythm game,2015,2023‑08‑06,141,79,37,-9,31,50,176,0,13,22
414,Aragami,XI,rhythm game,2015,2023‑08‑06,98,75,40,-8,15,11,241,0,5,29
415,Tenebre Rosso Sangue (ULTRAKILL Original Game Soundtrack),Keygen Church,,2022,2023‑08‑02,88,95,28,-4,9,4,234,0,8,55
416,Amygdala's Rag Doll,Ghost and Pals,otacore,2018,2023‑07‑14,159,79,59,-8,30,61,275,72,5,59
417,"Song A (from ""Gauntlet"")",Josiah Everhart,otacore,2015,2023‑07‑14,109,92,47,-8,32,44,139,0,10,3
418,Merry-Go-Round of Life - from 'Howl's Moving Castle',Joe Hisaishi,anime,2005,2023‑07‑08,72,29,24,-13,12,19,311,88,4,67
419,Bad Apple!! feat. nomico,Alstroemeria Records,touhou,2008,2023‑07‑08,138,73,49,-4,7,26,319,0,3,52
420,Lent,Autoheart,hopebeat,2013,2023‑07‑05,102,93,62,-4,31,67,194,22,3,49
421,Pink Sand,EX-LYD,,2020,2023‑07‑03,168,92,52,-8,50,73,312,0,5,35
422,A Good Song Never Dies,Saint Motel,la indie,2021,2023‑07‑03,120,81,68,-4,7,56,201,5,4,58
423,A CYBER'S WORLD?,Toby Fox,indie game soundtrack,2021,2023‑07‑03,117,66,61,-10,11,89,166,9,4,51
424,My Sunset - Original Mix,Feint,chillstep,2011,2023‑06‑28,170,98,39,-4,8,32,326,0,3,38
425,Bullet Train (feat. Joni Fatora),Stephen Swartz,,2012,2023‑06‑08,130,70,55,-3,18,20,246,1,12,54
426,Dragostea Din Tei,O-Zone,eurodance,2002,2023‑04‑15,130,97,81,-4,7,71,214,16,4,3
427,Aria Math,C418,pixel,2013,2023‑04‑15,168,46,52,-13,10,54,310,75,6,66
428,i hope we never see each other again,bxnwxghxrn,,2022,2023‑04‑15,175,71,10,-8,10,9,403,13,8,20
429,C:\\AR?A_M4TH,bxnwxghxrn,,2022,2023‑04‑15,172,86,44,-8,8,10,380,7,10,34
430,The Moss,Cosmo Sheldrake,pov: indie,2014,2023‑03‑24,128,51,62,-6,14,44,243,69,3,0
431,Killbot!,chloe moriondo,alt z,2023,2023‑03‑20,150,59,71,-5,12,74,118,34,3,41
432,Dr Wily Fortess Stage,VG Cover Junkies,,2016,2023‑03‑19,150,42,52,-11,5,67,140,15,7,0
433,Pluto,VG Cover Junkies,,2016,2023‑03‑19,150,72,38,-11,45,88,114,36,4,0
434,Mercury,VG Cover Junkies,,2016,2023‑03‑19,150,68,42,-11,32,97,95,16,4,0
435,Sunstar,VG Cover Junkies,,2016,2023‑03‑19,150,77,43,-10,37,96,53,45,4,0
436,Jupiter,VG Cover Junkies,,2016,2023‑03‑19,150,66,40,-11,13,99,95,21,4,0
437,Uranus,VG Cover Junkies,,2016,2023‑03‑19,150,48,58,-10,16,97,69,18,6,0
438,DAT PHONK,Kordhell,drift phonk,2023,2023‑02‑17,157,100,63,-2,9,79,110,0,27,44
439,DO OR DIE,Dxrk ダーク,drift phonk,2021,2023‑02‑10,150,67,77,-9,10,34,96,15,8,60
440,AVOID ME,KUTE,aggressive phonk,2022,2023‑02‑10,114,96,66,-2,78,97,106,12,10,66
441,HERE I COME,ANT|QUE,,2022,2023‑02‑05,130,65,70,-3,12,50,148,0,5,43
442,METAMORPHOSIS,INTERWORLD,phonk brasileiro,2021,2023‑02‑02,175,64,59,-13,12,15,143,43,10,78
443,INCOMING,MC ORSEN,drift phonk,2021,2023‑02‑01,125,88,91,-5,6,31,140,0,4,61
444,WARNING - Sped Up,MC ORSEN,drift phonk,2022,2023‑02‑01,144,86,77,-5,8,52,109,1,8,63
445,GHOST!,phonk.me,gym phonk,2022,2023‑02‑01,125,94,58,-3,20,41,232,2,10,69
446,MURDER PLOT,Kordhell,drift phonk,2022,2023‑02‑01,140,97,60,-2,10,76,127,0,14,60
447,IMMACULATE,VISXGE,gym phonk,2022,2023‑02‑01,118,39,78,-8,66,34,141,0,36,56
448,METAMORPHOSIS 2,INTERWORLD,phonk brasileiro,2022,2023‑02‑01,105,87,61,-8,12,41,137,6,6,58
449,Murder In My Mind,Kordhell,drift phonk,2022,2023‑02‑01,120,97,71,-1,13,57,145,1,11,76
450,ヒアソビ (feat. 初音ミク),Camellia,denpa-kei,2022,2022‑12‑04,134,93,61,-4,32,66,245,2,9,45
451,Wizards in Winter - Instrumental,Trans-Siberian Orchestra,neo classical metal,2004,2022‑12‑04,148,84,68,-7,15,92,186,5,3,41
452,You're at the Party (Bonus Track),Lemon Demon,indietronica,2016,2022‑12‑04,156,85,51,-5,13,75,321,0,4,38
453,Oh My Dayum!,The Gregory Brothers,antiviral pop,2012,2022‑11‑30,96,77,61,-4,26,67,142,18,6,0
454,EPHMR,aran,j-core,2021,2022‑11‑20,101,95,52,-3,18,33,137,0,13,28
455,Heads Will Roll - A-Trak Remix Radio Edit,Yeah Yeah Yeahs,alternative dance,2019,2022‑11‑14,132,81,68,-3,24,87,204,1,8,65
456,Better Off Alone - Remix,Jackson Owl,,2022,2022‑11‑13,139,83,70,-12,7,97,369,3,6,0
457,Mlg,shamas,drift phonk,2021,2022‑11‑13,160,75,70,-7,7,76,121,22,26,14
458,KillerBeast,Camellia,denpa-kei,2019,2022‑11‑10,110,98,56,-2,16,29,247,1,45,27
459,Crazy's Theme,Ric Sandler,,2006,2022‑11‑07,158,75,53,-12,17,29,241,0,3,5
460,Gourmet Race,ColBreakz,speedrun,2017,2022‑11‑05,108,93,76,-4,21,61,207,0,5,36
461,Truths & Denials,6th,j-core,2020,2022‑10‑25,185,94,43,-4,17,7,287,1,8,17
462,CYCLE HIT,KASAI HARCORES,j-core,2017,2022‑10‑22,175,97,38,-3,12,13,319,0,28,38
463,Screamroom,Xtrullor,speedrun,2019,2022‑10‑19,128,97,55,-3,32,33,235,0,9,31
464,Post Void Single,Karl Flodin,indie game soundtrack,2020,2022‑10‑18,89,88,10,-1,15,14,229,0,5,27
465,In the Halls of the Usurper - Just Shovels & Knights Version,Kubbi,bitpop,2020,2022‑10‑18,155,91,55,-7,8,36,132,0,4,37
466,Cheat Codes,Nitro Fun,gaming edm,2014,2022‑10‑18,128,96,63,-4,89,15,212,0,8,0
467,An Endless Cycle (Wayne’s Theme),Chuck Salamone,,2021,2022‑10‑18,144,33,51,-18,10,28,360,56,3,32
468,Hype,Tokyo Machine,japanese dance pop,2017,2022‑10‑18,128,91,71,-5,28,81,183,0,9,0
469,Till It's Over,Tristam,brostep,2013,2022‑10‑18,110,84,61,-6,16,33,271,12,9,0
470,Vindicate Me,Big Giant Circles,chiptune,2014,2022‑10‑18,100,97,41,-6,36,20,206,0,10,31
471,"Search Man's Stage (From ""Mega Man 8"")",Arcade Player,sillycore,2021,2022‑10‑18,126,82,55,-9,33,78,127,0,3,7
472,Dubwoofer Substep,Omnitica,filthstep,2011,2022‑10‑18,109,84,53,-6,10,10,285,0,3,33
473,Granite,Shirobon,chiptune,2017,2022‑10‑18,128,95,70,-3,8,63,152,0,9,0
474,Banana Pancakes,Jack Johnson,neo mellow,2005,2022‑10‑18,114,38,82,-8,9,62,192,61,10,69
475,Limón,Sin Señal,,2022,2022‑10‑18,170,81,46,-7,37,96,224,21,3,14
476,Mega Man X3 / Blast Hornet Stage,ROCK-MEN,japanese vgm,2006,2022‑10‑18,96,95,48,-8,4,76,131,0,8,1
477,Everything I Own,Drive45,weirdcore,2020,2022‑10‑18,165,69,72,-8,7,77,201,7,7,30
478,"Blizzard Buffalo (from ""Mega Man X3"")",MyNewSoundtrack,,2016,2022‑10‑18,190,70,39,-12,11,28,195,70,4,8
479,Deadlocked,F-777,speedrun,2012,2022‑10‑18,135,70,55,-8,9,25,208,0,16,48
480,Katana Blaster,Big Giant Circles,chiptune,2011,2022‑10‑18,140,96,49,-5,12,87,192,4,4,25
481,Why Worry,Caleb Hyles,otacore,2021,2022‑10‑17,105,93,71,-4,27,66,199,48,5,17
482,Barracuda,Noisestorm,dancefloor dnb,2015,2022‑10‑17,130,99,59,-2,22,11,263,0,17,0
483,Fine,Lemon Demon,indietronica,2006,2022‑10‑17,135,81,71,-9,5,44,280,8,4,63
484,Mystery Circles Ultra / U.U.F.O.,Camellia,denpa-kei,2021,2022‑10‑17,100,96,46,-2,12,14,240,4,20,29
485,Tardigrade Song,Cosmo Sheldrake,pov: indie,2015,2022‑10‑17,141,59,66,-5,58,66,242,23,3,0
486,The Mob,RIOT,gaming dubstep,2018,2022‑10‑17,150,93,48,-2,13,13,327,0,21,14
487,Beauty Of Annihilation,Elena Siegman,video game music,2011,2022‑10‑16,110,90,54,-5,27,46,268,0,5,57
488,Where Are We Going? - 2018 Edition,Jack Wall,video game music,2018,2022‑10‑16,159,27,16,-13,8,9,312,67,4,41
489,Ruby Illusions - Final Boss,Tee Lopes,,2018,2022‑10‑12,105,99,45,-7,47,80,136,0,5,32
490,Amy's Toxic Cave (Sonic Spinball) [VIP Mix],GameChops,lo-fi vgm,2015,2022‑10‑12,128,86,66,-8,11,55,219,0,5,17
491,Studiopolis Zone,Probe,lo-fi vgm,2019,2022‑10‑11,89,70,67,-3,12,15,136,34,6,26
492,"Studiopolis Zone (From ""Sonic Mania"")",Game & Sound,pixel,2017,2022‑10‑11,120,88,50,-8,26,71,198,10,8,6
493,Vs. Metal Sonic,Kamex,pixel,2020,2022‑10‑08,155,93,43,-9,30,66,188,1,4,27
494,Gotta Go Fast (Sonic X Theme),NateWantsToBattle,antiviral pop,2020,2022‑10‑07,125,98,56,-3,72,63,60,0,15,51
495,BOSS BATTLE : BIG ARM,SEGA SOUND TEAM,japanese vgm,2012,2022‑10‑07,194,99,28,-6,27,9,217,0,12,38
496,Deep Jungle Walk,Astrix,full on,2016,2022‑10‑06,138,89,62,-8,37,11,556,0,5,53
497,Boss: Solaris Phase 2,SEGA SOUND TEAM,japanese vgm,2007,2022‑10‑05,177,78,20,-7,25,36,181,0,5,39
498,"Solar Inferno (Solar Man Stage) (From ""Mega Man 10"")",GaMetal,,2022,2022‑09‑27,164,95,35,-7,33,44,222,0,13,6
499,VS Maverick,Capcom Sound Team,japanese vgm,2013,2022‑09‑27,135,94,45,-6,34,49,197,0,8,0
500,VS 8Boss,Capcom Sound Team,japanese vgm,2013,2022‑09‑27,118,87,48,-6,11,51,175,0,4,1
501,Cannon Ball,INTI CREATES,japanese vgm,2020,2022‑09‑27,150,98,56,-4,13,68,132,0,7,2
502,Ghost House,Schtiffles,speedrun,2020,2022‑09‑27,130,94,64,-5,20,54,214,1,6,31
503,エゴイスト,Parsley Onuma,vocaloid,2020,2022‑09‑22,180,92,52,-4,14,90,219,3,27,0
504,Mad IQs,I DONT KNOW HOW BUT THEY FOUND ME,alt z,2020,2022‑09‑22,105,70,73,-5,59,94,183,1,4,50
505,HiT! HiT! HiT!,HiTECH NINJA,rhythm game,2017,2022‑09‑22,160,97,42,-4,44,15,272,0,12,24
506,Release The Kraken (Sefa remix),Destructive Tendencies,frenchcore,2019,2022‑09‑22,100,99,59,-2,23,45,262,31,15,1
507,Feeder - Original Mix,Technikore,deep happy hardcore,2016,2022‑09‑22,170,99,59,-5,5,40,234,0,16,3
508,Two's a Party,Hania Lee,,2012,2022‑09‑19,60,35,64,-16,8,43,190,31,4,27
509,Daddy DJ - Chico & Tonio Radio Edit,Daddy DJ,bubblegum dance,2001,2022‑09‑17,135,93,70,-7,14,68,219,7,3,52
510,Party With Us,S3RL,australian dance,2021,2022‑09‑15,175,100,55,-1,22,24,203,12,41,21
511,Thank You,Dido,dance pop,1999,2022‑09‑14,80,60,72,-10,7,74,218,28,4,57
512,New Invention,I DONT KNOW HOW BUT THEY FOUND ME,alt z,2020,2022‑09‑11,180,85,49,-3,9,76,192,1,8,55
513,Cthugha,USAO,j-core,2021,2022‑09‑09,106,99,51,-3,23,52,155,0,12,37
514,Stagestruck,Im_naku,,2018,2022‑09‑09,105,53,83,-8,8,16,247,39,4,33
515,Pika Girl,S3RL,australian dance,2011,2022‑09‑09,175,99,59,-2,36,52,226,1,14,53
516,Overdrive,Shady Cicada,,2019,2022‑09‑09,90,83,38,-7,15,50,90,0,6,31
517,Spin Eternally,Camellia,denpa-kei,2021,2022‑09‑09,111,99,52,-1,40,16,226,0,19,43
518,You Are Mine,S3RL,australian dance,2020,2022‑09‑09,175,97,46,-1,34,27,195,1,15,47
519,Friendzoned - Alaguan Remix,S3RL,australian dance,2022,2022‑09‑08,175,95,40,-3,31,31,222,0,6,16
520,It Went - Original Mix,S3RL,australian dance,2011,2022‑09‑07,175,97,52,-6,12,5,322,0,6,36
521,The Villain I Appear to Be,Connor Spiotto,,2017,2022‑09‑07,109,36,49,-10,31,28,188,80,4,55
522,Pretty Rave Girl,S3RL,australian dance,2007,2022‑09‑06,175,99,43,-5,17,31,363,1,14,55
523,Try It Out - Try Harder Mix,Skrillex,brostep,2013,2022‑09‑04,140,95,61,-2,76,21,286,0,30,39
524,Kill EVERYBODY,Skrillex,brostep,2010,2022‑09‑04,127,87,79,-3,10,63,298,0,8,49
525,Orbit,Good Kid,,2021,2022‑09‑04,117,86,57,-4,10,58,139,8,4,53
526,"Le banjo, Op. 15",Louis Moreau Gottschalk,american romanticism,2003,2022‑09‑04,143,7,33,-27,10,44,192,99,3,9
527,Antithese,Blacklolita,rhythm game,2019,2022‑09‑04,172,97,44,-4,36,18,141,0,10,30
528,Bumble Bee,Bambee,bubblegum dance,1999,2022‑09‑04,138,99,64,-3,32,97,197,1,3,4
529,Show Yourself,CG5,otacore,2020,2022‑09‑03,119,72,82,-4,8,74,205,13,5,44
530,Inferno,NateWantsToBattle,antiviral pop,2019,2022‑09‑03,92,95,54,-5,69,75,213,0,6,41
531,"Autos, Moda Y Rock N Roll",Fandango,,1987,2022‑09‑02,115,81,73,-11,8,93,190,8,4,47
532,Full Charge,Pixl,complextro,2019,2022‑08‑28,125,70,98,-7,9,48,143,0,29,33
533,Hourglass Meadow,Oliver Buckland,weirdcore,2021,2022‑08‑28,138,52,83,-13,50,40,139,12,8,41
534,God Race (Temptation Stairway),Metaroom,weirdcore,2021,2022‑08‑28,165,72,57,-8,22,37,157,65,19,52
535,Temptation Stairway (Waltz Variation),Metaroom,weirdcore,2020,2022‑08‑28,165,76,57,-6,9,30,107,33,8,52
536,The Pretender,Infected Mushroom,psychedelic trance,2012,2022‑08‑25,174,95,49,-5,10,37,394,0,7,0
537,"Lights, Camera, Action! - Studiopolis Zone Act 1",Tee Lopes,,2018,2022‑08‑24,120,92,59,-6,9,76,188,0,5,57
538,"Marble Zone (From ""Sonic The Hedgehog"") [Synthwave Remix]",Pascal Michael Stiefel,indie game soundtrack,2020,2022‑08‑24,126,88,49,-9,25,83,245,0,3,12
539,"Mean Bean Machine (From ""Sonic Mania"")",GaMetal,,2020,2022‑08‑24,172,96,34,-8,34,40,185,0,8,17
540,Roller Mobster,Carpenter Brut,cyberpunk,2017,2022‑08‑24,131,92,42,-2,18,19,214,0,7,0
541,The Battle of Lil' Slugger (Ch 1 Boss Extended Cut),Danny Baranowsky,indie game soundtrack,2011,2022‑08‑23,100,74,52,-7,15,14,206,0,3,25
542,Snake Eyes,Suzuki Masaki,,2020,2022‑08‑22,132,100,60,-5,12,78,141,12,6,0
543,Cannon Ball,INTI CREATES,japanese vgm,2020,2022‑08‑22,75,91,36,-4,27,67,126,3,5,3
544,Cannon Ball,INTI CREATES,japanese vgm,2020,2022‑08‑22,150,98,56,-4,13,68,132,0,7,0
545,The Fox (What Does the Fox Say?) - Instrumental,Ylvis,comic,2013,2022‑08‑15,128,85,64,-8,30,33,214,0,4,19
546,ELECTRICAL COMMUNICATION,GANASIA,,1996,2022‑08‑14,140,97,49,-5,19,31,279,0,22,22
547,eden,Gram,j-core,2021,2022‑08‑13,123,97,48,-3,32,23,146,0,15,30
548,Save Your Tears,The Weeknd,canadian contemporary r&b,2020,2022‑08‑13,118,83,68,-5,54,64,216,2,3,84
549,Techno Boss,zabutom,chiptune,2011,2022‑08‑12,129,95,46,-8,13,13,124,5,5,25
550,Miku,Anamanaguchi,bitpop,2016,2022‑08‑12,128,72,72,-6,19,56,223,27,9,0
551,"Komm, süsser Tod",Astrophysics,synthwave brasileiro,2020,2022‑08‑12,160,74,55,-9,10,67,335,0,4,38
552,Astronaut In The Ocean,Kidz Bop Kids,children's music,2021,2022‑08‑12,150,74,82,-6,33,70,134,1,6,54
553,Revolt from the abyss,Noah,,2019,2022‑08‑09,90,94,39,-5,11,12,563,0,7,28
554,Wanderer,Little Dragon,art pop,2015,2022‑08‑09,168,88,63,-6,12,32,276,5,6,0
555,Noot Noot Theme Mozart Lacrimosa - Epic Version,Carameii,,2022,2022‑08‑09,76,79,37,-8,9,11,142,1,6,0
556,The Upside Down (ft. Sarah de Warren),Biometrix,dark r&b,2022,2022‑08‑08,135,58,55,-7,10,14,178,27,4,39
557,GigaChad Theme - Two Steps From Hell Version,Carameii,,2022,2022‑08‑07,120,75,37,-7,8,28,217,19,5,0
558,Omoide wa Okkusenman,Hailey Lain,,2021,2022‑08‑05,180,96,45,-7,34,51,232,0,7,17
559,"Paint It, Black",The Rolling Stones,album rock,1966,2022‑08‑01,159,80,46,-9,40,61,202,5,9,82
560,The Final Countdown,Europe,album rock,1986,2022‑08‑01,118,84,53,-7,6,19,310,6,6,75
561,The Safety Dance,Men Without Hats,classic canadian rock,1998,2022‑08‑01,102,58,63,-13,8,58,166,8,4,54
562,I Ran (So Far Away) - Single Edit,A Flock Of Seagulls,new romantic,2002,2022‑08‑01,145,82,54,-6,19,69,220,0,3,0
563,Fnaf 6 Hendry's Speech.,Scott Cawthon,,2017,2022‑07‑29,117,59,56,-9,23,40,137,96,33,0
564,Wind of Change,Scorpions,album rock,2011,2022‑07‑27,76,61,49,-6,11,18,309,1,3,55
565,Wind Of Change,Scorpions,album rock,1990,2022‑07‑27,152,52,45,-10,10,25,312,32,4,78
566,Under Fire (Opening Stage) [megaman X3],Metalltool,metal cover,2017,2022‑07‑25,186,93,18,-7,64,41,393,0,9,21
567,Ill,RoughSketch,j-core,2020,2022‑07‑22,111,98,64,-1,17,14,195,6,9,27
568,Paradise,Bad Computer,complextro,2021,2022‑07‑22,128,92,63,-4,8,58,234,0,4,25
569,Overcharge,CRT_HEAD,,2019,2022‑07‑22,89,71,55,-5,11,27,201,4,14,31
570,Washing Machine Heart,Mitski,brooklyn indie,2018,2022‑07‑22,106,82,61,-4,43,57,128,1,3,81
571,Dream Drive Operating System,GHOST DATA,future funk,2022,2022‑07‑21,110,89,56,-5,9,5,273,0,4,0
572,TECHNO KILLA,KUTE,aggressive phonk,2022,2022‑07‑19,121,89,73,-4,28,59,130,20,22,52
573,Hardware Store,"""Weird Al"" Yankovic",comedy rock,2003,2022‑07‑18,126,87,71,-12,33,68,224,19,7,46
574,Snake Eyes,Feint,chillstep,2012,2022‑07‑18,174,82,50,-6,26,18,265,0,7,52
575,Atomic Karate,TWRP,nightrun,2017,2022‑07‑15,130,64,75,-9,11,66,241,17,4,39
576,Cannon Ball,INTI CREATES,japanese vgm,2020,2022‑07‑15,75,91,36,-4,27,67,126,3,5,1
577,------,x0o0x_,vocaloid,2019,2022‑07‑15,130,91,67,-3,13,74,233,20,5,31
578,Hard Times,The Jetzons,,2008,2022‑07‑14,139,93,59,-6,19,78,179,0,4,34
579,Walking on the Moon - Bad Computer Remix,Infected Mushroom,psychedelic trance,2020,2022‑07‑13,130,85,72,-5,9,83,189,5,11,45
580,Seize the Server,Jack Wall,video game music,2020,2022‑07‑12,115,72,52,-11,12,35,185,40,5,13
581,VS VAVA,Capcom Sound Team,japanese vgm,2013,2022‑07‑11,175,78,38,-7,20,96,100,0,4,0
582,Jakob,Capcom Sound Team,japanese vgm,2013,2022‑07‑11,123,85,31,-7,40,62,199,0,10,1
583,Portal muzsika,Portal,,2020,2022‑07‑11,120,95,78,-10,77,99,154,88,4,0
584,Change The Formality,Infected Mushroom,psychedelic trance,2007,2022‑07‑09,145,90,66,-6,59,72,464,0,6,48
585,CPU Mood,FantomenK,chiptune,2011,2022‑07‑09,129,88,82,-5,13,66,321,1,6,18
586,"Orphan Tears, Pt. 3",Your Favorite Martian,antiviral pop,2022,2022‑07‑07,130,67,81,-8,35,84,192,12,26,31
587,Clap Your Hands,Kungs,edm,2022,2022‑07‑07,124,88,88,-5,36,84,190,5,7,59
588,VS Lumine～The second form,Capcom Sound Team,japanese vgm,2013,2022‑07‑06,150,84,27,-7,16,15,167,0,5,1
589,False Confidence,Noah Kahan,pov: indie,2019,2022‑07‑05,109,66,41,-8,14,33,223,16,5,72
590,Washing Machine Heart,thquib,chiptune,2021,2022‑07‑05,106,75,72,-5,11,61,127,28,3,44
591,Nobody,Mitski,brooklyn indie,2018,2022‑07‑05,117,72,40,-5,9,49,193,7,4,74
592,BULK UP,USAO,j-core,2022,2022‑07‑05,100,100,58,-1,28,59,192,1,14,23
593,Partyt Är Igång!,Bossfight,chiptune,2012,2022‑07‑05,128,95,71,-2,2,97,178,0,4,33
594,Ice Brain,Suzuki Masaki,,2020,2022‑07‑05,140,77,62,-5,17,38,133,18,3,2
595,Cumbia calé,Los Sonor's,mexican rock-and-roll,2007,2022‑07‑04,109,64,69,-10,13,31,164,70,4,30
596,Once in a Lifetime - 2005 Remaster,Talking Heads,alternative rock,1980,2022‑07‑02,117,92,64,-6,62,87,260,18,6,65
597,The Electro Suite,Hans Zimmer,german soundtrack,2014,2022‑07‑01,160,41,36,-15,67,8,756,5,6,42
598,Eye of the Storm,ONE OK ROCK,j-pop,2019,2022‑06‑29,75,82,46,-4,11,46,183,5,5,42
599,Bombs for Throwing at You,Aperture Science Psychoacoustic Laboratories,video game music,2011,2022‑06‑29,140,93,50,-7,8,64,350,0,6,0
600,Undertale - Spider Dance - Shirobon Remix,Shirobon,chiptune,2021,2022‑06‑29,115,95,56,-4,4,77,109,0,4,0
601,あなぐらぐらし,Kikuo,japanese electropop,2019,2022‑06‑27,96,68,60,-10,37,18,365,3,4,57
602,Peter Pan Was Right,Anson Seabra,alt z,2022,2022‑06‑27,84,52,66,-8,12,24,192,22,4,62
603,D.S. Al Fine,kors k,denpa-kei,2020,2022‑06‑27,160,99,45,-5,15,11,254,1,43,12
604,Mega Man X / Armored Armadillo Stage,ROCK-MEN,japanese vgm,2006,2022‑06‑26,130,98,44,-5,25,26,186,0,14,2
605,I Wanna Be A Machine,Beat Saber,otacore,2022,2022‑06‑23,128,87,60,-3,31,49,206,0,9,54
606,I Was Made for Loving You,Savlonic,meme,2017,2022‑06‑21,130,84,57,-9,12,32,234,2,4,19
607,Savlonic Supermix - Lil Deuce Deuce,Savlonic,meme,2014,2022‑06‑21,112,69,55,-11,15,31,215,4,5,25
608,Southern Nights,Glen Campbell,adult standards,1977,2022‑06‑20,95,81,70,-9,58,85,180,10,3,69
609,Rakuraku annrakushi,PEPOYO,,2021,2022‑06‑20,141,76,74,-7,7,71,250,4,5,52
610,Wandering Eye,Savlonic,meme,2014,2022‑06‑19,135,81,55,-10,30,49,233,1,3,19
611,Runaway (U & I),Galantis,dance pop,2015,2022‑06‑17,126,81,51,-4,9,38,227,1,5,75
612,Mane Mane Psychotropic,Kairikibear,anime rock,2015,2022‑06‑17,105,96,50,-5,16,61,205,7,14,31
613,"Raw, Unfiltered Calamity",DM DOKURO,pixel,2020,2022‑06‑16,174,93,36,-4,20,18,540,0,6,41
614,Death Battle: Diabolical Invincible Me (From the Rooster Teeth Series),Brandon Yates,,2022,2022‑06‑16,130,70,69,-7,10,37,221,0,3,3
615,Infestation,DM DOKURO,pixel,2020,2022‑06‑16,152,98,59,-6,37,81,275,0,13,46
616,RAVE - Slowed,Dxrk ダーク,drift phonk,2022,2022‑06‑15,103,67,69,-7,11,42,198,26,4,53
617,RAVE,Dxrk ダーク,drift phonk,2022,2022‑06‑15,120,75,72,-6,11,34,169,24,4,73
618,Frame of Mind,Tristam,brostep,2014,2022‑06‑13,175,73,44,-7,11,40,274,4,6,53
619,Mambo No. 5,Los Sonor's,mexican rock-and-roll,2002,2022‑06‑12,88,63,79,-10,9,85,163,59,8,16
620,Cozumel,Los Sonor's,mexican rock-and-roll,2002,2022‑06‑12,105,60,73,-8,5,83,167,64,6,42
621,La feria de Cali,Los Sonor's,mexican rock-and-roll,2002,2022‑06‑12,143,83,63,-5,10,97,173,9,4,37
622,Destroid 8 Annihilate,Excision,brostep,2013,2022‑06‑11,128,88,54,-5,32,16,310,0,9,0
623,Into the Zone,Shirobon,chiptune,2014,2022‑06‑11,122,78,73,-6,9,46,161,0,8,0
624,Milky Ways,Bossfight,chiptune,2012,2022‑06‑11,183,98,51,-2,6,28,188,0,5,50
625,Chronos,Zef,speedrun,2016,2022‑06‑11,134,99,56,-3,56,56,270,0,14,34
626,Corrupted,Zef,speedrun,2016,2022‑06‑11,139,95,62,-4,3,78,377,0,8,37
627,Cool Friends - Murtagh & Veschell Remix,Murtagh,otacore,2014,2022‑06‑11,115,95,78,-2,38,12,239,0,7,35
628,The Lunar Whale,Zef,speedrun,2016,2022‑06‑11,109,95,58,-5,4,55,276,0,6,27
629,DEADRINGER,panpan,pixel,2022,2022‑06‑11,140,100,62,-2,28,50,154,1,11,17
630,LED Spirals - Extended Version,Le Castle Vania,electro trash,2014,2022‑06‑10,120,58,93,-6,9,31,196,1,8,50
631,Angreifer,Unlucky Morpheus,idol rock,2015,2022‑06‑09,110,99,40,-1,13,9,426,0,9,37
632,Face Down,The Red Jumpsuit Apparatus,alternative metal,2006,2022‑06‑09,93,93,55,-2,13,46,192,0,4,75
633,This December,Ricky Montgomery,la indie,2016,2022‑06‑09,140,87,66,-5,13,89,182,3,5,59
634,Glass Heart,Daeya,dubstep,2021,2022‑06‑09,80,92,63,0,8,30,195,1,4,11
635,Broken,Savlonic,meme,2016,2022‑06‑08,125,89,55,-6,19,51,210,3,3,17
636,Computer Guy,Savlonic,meme,2014,2022‑06‑08,137,78,56,-9,10,55,198,0,4,23
637,Electro Gypsy,Savlonic,meme,2014,2022‑06‑08,157,74,60,-8,19,61,167,1,11,29
638,Epoch - The Living Tombstone Remix,Savlonic,meme,2016,2022‑06‑08,176,65,47,-10,16,63,191,24,5,53
639,Pop It - Shirobon Remix,Anamanaguchi,bitpop,2014,2022‑06‑07,122,73,75,-6,24,71,175,7,4,0
640,Sweet Tangerine,The Hush Sound,baroque pop,2006,2022‑06‑07,144,85,55,-5,33,75,183,17,4,41
641,Die Anywhere Else,Alec Holowka,indie game soundtrack,2017,2022‑06‑07,165,84,36,-8,13,69,145,18,3,39
642,Yeah Yeah Yeah (V2),Jack Conte,weirdcore,2014,2022‑06‑07,149,78,56,-7,14,84,165,2,5,40
643,Crystallize,Creo,speedrun,2018,2022‑06‑05,115,73,73,-6,9,56,200,6,13,29
644,Carnivores,Creo,speedrun,2016,2022‑06‑03,128,73,50,-7,12,27,271,1,4,36
645,We Can Dream,Creo,speedrun,2021,2022‑06‑03,172,97,39,-5,37,30,209,0,7,36
646,Nautilus,Creo,speedrun,2018,2022‑06‑03,124,79,52,-5,15,24,323,0,9,38
647,Hold It In,Jukebox The Ghost,modern rock,2008,2022‑05‑30,132,75,76,-10,10,89,209,37,3,0
648,Fortuna Redux,Fractal Dreamers,speedrun,2017,2022‑05‑27,100,97,47,-3,17,16,253,0,6,31
649,Regain Control,Shirobon,chiptune,2019,2022‑05‑27,90,68,66,-7,20,43,195,36,4,0
650,The Driver,Savlonic,meme,2014,2022‑05‑27,130,76,29,-11,7,15,230,0,5,25
651,Think,Kaleida,electropop,2014,2022‑05‑26,138,38,77,-12,9,27,239,48,3,45
652,Fight Dirty,Salvatore Ganacci,basshall,2021,2022‑05‑26,125,72,73,-6,6,77,181,0,4,13
653,Sphere,Creo,speedrun,2017,2022‑05‑26,100,86,56,-5,18,23,240,1,4,44
654,Exosphere,Creo,speedrun,2020,2022‑05‑26,118,93,67,-5,11,19,204,0,5,34
655,Exoplanet,Creo,speedrun,2017,2022‑05‑26,140,88,45,-7,32,12,247,0,4,28
656,"Yours Truly, 2095",Electric Light Orchestra,album rock,1981,2022‑05‑26,145,67,49,-12,36,71,191,29,4,41
657,Ping! 2,Exyl,,2022,2022‑05‑24,120,80,65,-4,20,17,187,19,11,34
658,There's Something Happening,Jack Stauber's Micropop,pov: indie,2020,2022‑05‑23,159,70,65,-6,12,92,186,37,6,57
659,Blue Monday - 2016 Remaster,New Order,alternative rock,2005,2022‑05‑18,130,70,79,-10,8,86,451,0,6,59
660,Browser History,Graham Kartna,bitpop,2013,2022‑05‑13,105,76,64,-9,14,18,139,21,3,53
661,Gonna Fly Now,Maynard Ferguson,jazz orchestra,1977,2022‑05‑11,114,85,53,-6,54,62,261,1,7,29
662,Nutmeg,Infected Mushroom,psychedelic trance,2017,2022‑05‑10,140,87,64,-6,18,34,456,1,5,29
663,Kipod,Infected Mushroom,psychedelic trance,2015,2022‑05‑10,145,59,70,-7,7,47,416,19,5,24
664,Ani Mevushal,Infected Mushroom,psychedelic trance,2020,2022‑05‑08,145,78,57,-6,8,18,531,0,6,24
665,GIMME DA BLOOD,C-Show,j-core,2021,2022‑05‑07,110,97,67,-2,19,87,133,6,11,28
666,Cynthia's Theme - Arrangement,The Zame,lo-fi vgm,2022,2022‑05‑07,101,72,48,-11,48,83,157,11,3,20
667,"Never Let Up! (from ""Mario & Luigi Dream Team"") - 3DS Remix",The Greatest Bits,scorecore,2021,2022‑05‑07,98,92,48,-9,19,55,164,0,4,9
668,The Amazing Ryu - NES,"Koei Tecmo Games Co., Ltd.",japanese vgm,2017,2022‑05‑07,150,91,55,-13,14,96,95,0,6,25
669,Desert Wanderer (departure): Megaman Zero 2 [Guitar Cover],ChequerChequer,,2016,2022‑05‑06,150,83,37,-10,34,3,306,0,6,3
670,Are You Bored Yet? (feat. Clairo),Wallows,pov: indie,2019,2022‑05‑05,120,68,68,-6,27,64,178,16,3,79
671,La Campanella:Nu Rave,Cranky,rhythm game,2018,2022‑05‑05,178,98,41,-7,15,32,191,0,17,0
672,Bubbleman's Subaqueous Stronghold,Apoplexia,vgm remix,2018,2022‑05‑04,175,98,48,-4,20,66,297,4,7,4
673,"Stage Select (From ""Mega Man 8"")",Arcade Player,sillycore,2021,2022‑05‑04,150,65,51,-8,13,95,51,25,4,12
674,"Bubble Crab's Stage (From ""Mega Man X2"")",Arcade Player,sillycore,2021,2022‑05‑04,200,41,33,-11,56,24,92,0,4,4
675,Mega Man X3 / Zero,ROCK-MEN,japanese vgm,2006,2022‑05‑03,120,90,55,-7,24,75,166,0,4,1
676,Lightmare,Creo,speedrun,2020,2022‑05‑03,108,94,57,-6,16,19,301,0,6,30
677,Casin,glue70,future funk,2016,2022‑05‑03,104,66,96,-7,7,73,106,7,22,54
678,Volt Catfish,VG Cover Junkies,,2016,2022‑05‑02,176,87,23,-3,32,56,112,23,18,4
679,"Armored Armadillo Stage (From ""Mega Man X"")",Game & Sound,pixel,2017,2022‑05‑02,140,94,39,-7,27,18,193,1,13,17
680,Departure,INTI CREATES,japanese vgm,2020,2022‑05‑02,152,97,62,-4,12,87,124,4,16,5
681,Anima,XI,rhythm game,2015,2022‑05‑01,92,91,48,-6,12,27,271,0,4,34
682,Invisible Frenzy - Camellia's Remix,Kobaryo,j-core,2021,2022‑05‑01,148,100,45,-3,11,17,295,0,32,25
683,Crystal Dolphin,Engelwood,chillhop,2017,2022‑05‑01,128,78,56,-7,41,25,115,33,18,54
684,Staff Roll (PS ver.),Capcom Sound Team,japanese vgm,2014,2022‑05‑01,167,49,53,-11,12,61,150,60,5,0
685,Title (PS ver.),Capcom Sound Team,japanese vgm,2014,2022‑05‑01,160,79,41,-7,32,42,92,0,4,0
686,Dr. Wily Stage 2,Capcom Sound Team,japanese vgm,2014,2022‑05‑01,150,76,45,-9,13,64,91,31,6,0
687,Dr. Wily Stage 1 (PS ver.),Capcom Sound Team,japanese vgm,2014,2022‑05‑01,94,88,45,-7,17,52,157,0,5,0
688,X4 - BOSS,Yasumasa Kitagawa,japanese vgm,2018,2022‑05‑01,148,94,36,-8,31,69,171,0,6,2
689,Try This,Pegboard Nerds,brostep,2015,2022‑05‑01,174,95,42,-4,11,40,229,0,6,11
690,Outlaw,Creo,speedrun,2018,2022‑05‑01,118,79,50,-6,35,10,304,0,4,32
691,Last Battle,Marika Suzuki,sound team,2018,2022‑04‑30,137,80,46,-10,10,82,138,0,3,0
692,Acid Man Stage,Marika Suzuki,sound team,2018,2022‑04‑30,145,94,47,-10,19,54,212,0,5,1
693,"Galaxy Fantasy (Galaxy Man Stage) [From ""Mega Man 9""]",FalKKonE,otacore,2022,2022‑04‑29,164,93,31,-4,31,17,193,0,6,2
694,lit(var),Kensuke Ushio,anime score,2016,2022‑04‑28,95,26,33,-16,11,3,135,94,6,49
695,Rose at Nightfall,NemesisTheory,,2021,2022‑04‑28,89,89,31,-11,16,29,124,16,7,28
696,Mega Man 3 / Ending,ROCK-MEN,japanese vgm,2006,2022‑04‑28,80,57,32,-7,16,26,228,35,3,1
697,Mega Man 5 / Dark Man Stage - SIDE-R,ROCK-MEN,japanese vgm,2006,2022‑04‑28,100,95,41,-6,33,24,160,0,10,1
698,Kyouran Hey Kids!!,THE ORAL CIGARETTES,anime,2016,2022‑04‑28,142,98,53,-2,19,78,251,0,11,66
699,Face to Face / Short Circuit,Daft Punk,electro,2007,2022‑04‑27,126,60,53,-13,72,19,295,26,6,43
700,Television Rules the Nation / Crescendolls,Daft Punk,electro,2007,2022‑04‑27,126,79,58,-10,46,56,291,0,7,51
701,Nightcall,Kavinsky,filter house,2010,2022‑04‑27,91,87,53,-5,45,36,258,1,5,74
702,Da Funk / Daftendirekt,Daft Punk,electro,2007,2022‑04‑26,112,86,68,-10,98,55,397,1,4,42
703,Becoming Insane,Infected Mushroom,psychedelic trance,2007,2022‑04‑22,145,82,65,-6,19,63,440,0,7,44
704,Treehouse,Alex G,philly indie,2011,2022‑04‑22,73,20,61,-19,11,14,159,71,4,80
705,Abandoned Memory,RetroSpecter,otacore,2019,2022‑04‑22,175,95,8,-5,19,5,183,0,55,2
706,Propane Nightmares,Pendulum,australian dance,2008,2022‑04‑22,174,97,36,-4,19,22,313,0,8,56
707,Borderline,Tame Impala,australian psych,2020,2022‑04‑22,98,87,62,-3,8,87,238,4,4,80
708,Sometimes - French 79 Remix,Miami Horror,alternative dance,2021,2022‑04‑22,120,35,49,-14,6,4,262,30,3,0
709,Sometimes,Miami Horror,alternative dance,2021,2022‑04‑22,125,83,59,-4,16,43,254,2,3,0
710,Close Eyes,DVRST,chill phonk,2021,2022‑04‑22,96,57,78,-10,14,21,132,7,6,73
711,All Eyes On Me,Fox Stevenson,complextro,2020,2022‑04‑22,172,92,45,-3,29,60,181,0,8,0
712,Born Survivor,Shirobon,chiptune,2019,2022‑04‑22,122,68,74,-6,10,34,303,1,6,0
713,Cities,Throttle,,2019,2022‑04‑22,114,47,91,-8,11,20,180,62,4,51
714,All Night Forever,TWRP,nightrun,2019,2022‑04‑22,120,65,46,-10,18,57,288,1,6,36
715,Toccata,OVERWERK,canadian electronic,2015,2022‑04‑22,128,66,65,-6,9,53,411,0,23,45
716,Die For You,VALORANT,video game music,2021,2022‑04‑22,95,71,60,-5,13,10,213,8,3,64
717,Short Circuit,Daft Punk,electro,2001,2022‑04‑22,110,56,54,-11,8,22,207,0,7,50
718,Face to Face,Daft Punk,electro,2001,2022‑04‑22,118,44,87,-10,3,96,240,0,7,60
719,Something About Us,Daft Punk,electro,2001,2022‑04‑22,100,48,88,-13,5,38,233,44,10,69
720,Get Lucky (feat. Pharrell Williams and Nile Rodgers),Daft Punk,electro,2013,2022‑04‑21,116,79,81,-9,7,86,370,4,4,73
721,Airman Ga Taosenai - I Can't Beat Airman,Tsuko G.,eurobeat,2015,2022‑04‑21,200,92,36,-5,72,64,239,1,8,30
722,Instant Crush (feat. Julian Casablancas),Daft Punk,electro,2013,2022‑04‑20,110,59,78,-10,8,52,338,4,3,74
723,Lost In The Rhythm,Jamie Berry,electro swing,2016,2022‑04‑18,121,85,88,-6,7,73,187,1,18,52
724,X vs ZERO,Naoto Tanaka,sound team,2013,2022‑04‑17,130,94,45,-7,10,51,163,0,11,8
725,ZERO STAGE 2,Naoto Tanaka,sound team,2013,2022‑04‑17,150,98,55,-7,30,88,207,20,4,3
726,Paradigm,Leslie Wai,,2015,2022‑04‑14,130,95,53,-7,21,52,443,0,26,32
727,X - BOSS 2,Yasumasa Kitagawa,japanese vgm,2018,2022‑04‑14,168,95,39,-7,16,43,159,0,5,1
728,Flamewall,Camellia,denpa-kei,2020,2022‑04‑12,150,97,16,-1,9,15,410,0,10,42
729,Drunk,The Living Tombstone,otacore,2020,2022‑04‑12,112,96,58,-3,23,69,206,1,16,55
730,butterfly knife,food house,hyperpop,2021,2022‑04‑11,170,88,31,-6,13,61,169,25,12,0
731,Ready For The Madness,RiraN,j-core,2019,2022‑04‑09,180,94,41,-3,32,28,119,0,6,19
732,Turn the Lights Off,Tally Hall,ann arbor indie,2011,2022‑04‑09,189,70,39,-7,11,77,177,14,8,63
733,Never Going Home,Kungs,edm,2021,2022‑04‑08,122,85,84,-5,6,94,170,9,4,65
734,Lady - Hear Me Tonight,Modjo,disco house,2001,2022‑03‑30,126,81,72,-6,6,87,307,1,4,78
735,Music Sounds Better With You,Stardust,filter house,1998,2022‑03‑30,124,72,74,-7,38,36,403,0,34,69
736,Bumpin',MC Virgins,meme rap,2021,2022‑03‑28,108,91,75,-4,17,53,145,11,11,0
737,Time (Take Your Time),Scatman John,eurodance,1995,2022‑03‑16,133,95,72,-9,10,76,225,14,4,25
738,Stan,Eminem,detroit hip hop,2000,2022‑03‑06,80,77,78,-4,52,51,404,4,24,79
739,Eggman Mean Bean,Tee Lopes,,2018,2022‑03‑04,150,100,42,-5,22,88,146,0,6,30
740,Unveil,Creo,speedrun,2019,2022‑02‑28,134,21,19,-14,11,6,86,30,3,27
741,Saeed (Paranormal Attack & Skazi Remix),Infected Mushroom,psychedelic trance,2018,2022‑02‑27,140,95,61,-5,10,22,267,0,9,30
742,Saeed,Infected Mushroom,psychedelic trance,2009,2022‑02‑27,145,85,57,-6,13,34,424,1,7,43
743,Death Battle: Mega Mania,Brandon Yates,djent,2019,2022‑02‑20,180,93,34,-6,13,40,227,0,9,1
744,Within,Daft Punk,electro,2013,2022‑01‑15,110,30,70,-14,10,7,229,89,3,55
745,Crystal Tokyo,FantomenK,chiptune,2017,2021‑12‑09,174,93,35,-7,32,40,329,0,5,37
746,DisChipo,FantomenK,chiptune,2011,2021‑12‑09,127,97,62,-8,13,81,325,0,4,27
747,Dance Of The Incognizant,FantomenK,chiptune,2011,2021‑12‑09,135,94,60,-5,8,88,427,3,4,28
748,After Dark,Mr.Kitty,weirdcore,2014,2021‑12‑05,140,60,59,-10,8,4,259,7,3,76
749,Cold War,Jack Wall,video game music,2020,2021‑12‑05,120,39,51,-12,10,9,202,37,3,35
750,Snakeskin Boots,Jack Wall,video game music,2015,2021‑12‑05,94,54,67,-7,6,45,181,52,8,43
751,Rising Tide,Jack Wall,video game music,2020,2021‑12‑05,122,71,51,-12,12,16,201,0,4,42
752,Adrenaline,Jack Wall,video game music,2012,2021‑12‑05,200,91,39,-10,11,54,206,0,5,48
753,Renegades,X Ambassadors,modern alternative rock,2015,2016‑05‑04,90,86,53,-6,23,53,195,1,9,75
754,"Game On (feat. Good Charlotte) - From ""Pixels - The Movie""",Waka Flocka Flame,atl hip hop,2015,2016‑05‑04,166,99,58,-4,55,74,227,1,27,50